timestamp,bitcoin,"volume-weighted (max_weight=0.1, min_volume=1000000, min_liquidity=0.0)"
1367236800000,100.0,100.0
1367323200000,101.188965061,100.0
1367409600000,93.0062213631,100.0
1367496000000,79.5328829689,100.0
1367582400000,58.4197214614,100.0
1367668800000,71.4429817231,100.0
1367755200000,77.4576161146,100.0
1367841600000,85.8364678071,100.0
1367928000000,75.7828470397,100.0
1368014400000,78.7451446516,100.0
1368100800000,78.1855565624,100.0
1368187200000,82.049766214,100.0
1368273600000,82.4872862653,100.0
1368360000000,80.5669154024,100.0
1368446400000,82.3818443333,100.0
1368532800000,83.1935119677,100.0
1368619200000,79.3171755633,100.0
1368705600000,80.069867789,100.0
1368792000000,83.1270963061,100.0
1368878400000,86.168905003,100.0
1368964800000,86.7596583757,100.0
1369051200000,85.6642923396,100.0
1369137600000,85.1454263865,100.0
1369224000000,86.3046944778,100.0
1369310400000,87.1471587386,100.0
1369396800000,89.4973113162,100.0
1369483200000,90.2993547832,100.0
1369569600000,93.1282041773,100.0
1369656000000,93.9925539315,100.0
1369742400000,90.1849077184,100.0
1369828800000,90.2237992826,100.0
1369915200000,91.3758670788,100.0
1370001600000,89.9767746146,100.0
1370088000000,90.0344676536,100.0
1370174400000,85.6735580666,100.0
1370260800000,83.2018700172,100.0
1370347200000,84.8462492836,100.0
1370433600000,84.2442173183,100.0
1370520000000,84.5370873143,100.0
1370606400000,79.7182773702,100.0
1370692800000,75.4535636874,100.0
1370779200000,65.0127650673,100.0
1370865600000,73.4386900379,100.0
1370952000000,74.5445169959,100.0
1371038400000,77.0997605398,100.0
1371124800000,76.1130969716,100.0
1371211200000,72.0832555117,100.0
1371297600000,71.9061515306,100.0
1371384000000,70.4817633588,100.0
1371470400000,71.0030046037,100.0
1371556800000,73.931881885,100.0
1371643200000,75.5248824641,100.0
1371729600000,77.6669636721,100.0
1371816000000,76.8047607693,100.0
1371902400000,75.7353775102,100.0
1371988800000,75.2036845881,100.0
1372075200000,72.6601835735,100.0
1372161600000,73.0582908303,100.0
1372248000000,72.1138326908,100.0
1372334400000,72.0185764572,100.0
1372420800000,67.5979778677,100.0
1372507200000,68.5800882226,100.0
1372593600000,67.4066819885,100.0
1372680000000,66.1498987213,100.0
1372766400000,64.0897885335,100.0
1372852800000,61.7388354391,100.0
1372939200000,57.0545259149,100.0
1373025600000,52.0902968391,100.0
1373112000000,49.0868443362,100.0
1373198400000,48.1267012578,100.0
1373284800000,53.2737864011,100.0
1373371200000,52.4236220064,100.0
1373457600000,53.970997649,100.0
1373544000000,60.0983215543,100.0
1373630400000,68.6853242667,100.0
1373716800000,64.5592498607,100.0
1373803200000,67.169331292,100.0
1373889600000,68.414995365,100.0
1373976000000,68.6115489674,100.0
1374062400000,68.339014543,100.0
1374148800000,61.6301775446,100.0
1374235200000,63.0726105345,100.0
1374321600000,64.0256227792,100.0
1374408000000,62.6895697275,100.0
1374494400000,64.1437574076,100.0
1374580800000,64.9168822188,100.0
1374667200000,65.5153968162,100.0
1374753600000,67.1576901682,100.0
1374840000000,67.231183139,100.0
1374926400000,65.6326177251,100.0
1375012800000,66.9497544488,100.0
1375099200000,71.3351348769,100.0
1375185600000,71.3221045863,100.0
1375272000000,76.2751543491,100.0
1375358400000,74.9113791861,100.0
1375444800000,74.5275841979,100.0
1375531200000,72.3113174882,100.0
1375617600000,72.968898648,100.0
1375704000000,73.8565859086,100.0
1375790400000,74.1890347549,100.0
1375876800000,74.650291585,100.0
1375963200000,72.9865315574,100.0
1376049600000,72.2609330798,100.0
1376136000000,71.8631969766,100.0
1376222400000,72.7202231562,100.0
1376308800000,72.8388804065,100.0
1376395200000,74.3361358433,100.0
1376481600000,78.4411907412,100.0
1376568000000,77.6648489604,100.0
1376654400000,77.6641822197,100.0
1376740800000,76.2646889306,100.0
1376827200000,79.5244525209,100.0
1376913600000,83.4975275634,100.0
1377000000000,84.4824035946,100.0
1377086400000,85.1771753968,100.0
1377172800000,85.7162801593,100.0
1377259200000,83.6611186809,100.0
1377345600000,83.0077054409,100.0
1377432000000,84.7817095506,100.0
1377518400000,84.9999338843,100.0
1377604800000,87.4610430819,100.0
1377691200000,86.1908707692,100.0
1377777600000,85.765341212,100.0
1377864000000,84.6503458975,100.0
1377950400000,95.2514099803,100.0
1378036800000,96.1732896059,100.0
1378123200000,96.9006550052,100.0
1378209600000,93.0821653599,100.0
1378296000000,95.6651926165,100.0
1378382400000,86.9234133532,100.0
1378468800000,87.9017345992,100.0
1378555200000,86.5776435173,100.0
1378641600000,85.9160170878,100.0
1378728000000,84.4130967324,100.0
1378814400000,89.5859148067,100.0
1378900800000,89.2172344082,100.0
1378987200000,92.734830742,100.0
1379073600000,94.8034313008,100.0
1379160000000,92.6689333597,100.0
1379246400000,91.5578093079,100.0
1379332800000,92.3865459639,100.0
1379419200000,92.1307752678,100.0
1379505600000,92.7371928241,100.0
1379592000000,91.2266933976,100.0
1379678400000,90.1176312952,100.0
1379764800000,89.702478786,100.0
1379851200000,89.6782907768,100.0
1379937600000,88.5035053619,100.0
1380024000000,88.8222619112,100.0
1380110400000,90.6249178517,100.0
1380196800000,89.6932324855,100.0
1380283200000,92.3050874888,100.0
1380369600000,93.1077941302,100.0
1380456000000,97.7104010886,100.0
1380542400000,92.5197804058,100.0
1380628800000,93.2772727396,100.0
1380715200000,92.708267378,100.0
1380801600000,82.2678512262,100.0
1380888000000,89.4844622912,100.0
1380974400000,91.0387991032,100.0
1381060800000,88.6949629473,100.0
1381147200000,89.8629384933,100.0
1381233600000,87.7710138198,100.0
1381320000000,89.4941702976,100.0
1381406400000,91.4077336484,100.0
1381492800000,91.1810841953,100.0
1381579200000,93.5921882709,100.0
1381665600000,94.4646727112,100.0
1381752000000,99.7603031305,100.0
1381838400000,97.5359769725,100.0
1381924800000,104.867471347,100.0
1382011200000,101.245464654,100.0
1382097600000,104.496235733,100.0
1382184000000,120.380163903,100.0
1382270400000,119.931057875,100.0
1382356800000,128.544265546,100.0
1382443200000,137.124709571,100.0
1382529600000,138.772546086,100.0
1382616000000,139.243405993,100.0
1382702400000,125.135598078,100.0
1382788800000,128.071263319,100.0
1382875200000,128.213591027,100.0
1382961600000,138.245075063,100.0
1383048000000,140.376168979,100.0
1383134400000,143.862832931,100.0
1383220800000,141.255684896,100.0
1383307200000,142.948845306,100.0
1383393600000,144.712148508,100.0
1383480000000,143.261998266,100.0
1383566400000,152.773174392,100.0
1383652800000,165.805139094,100.0
1383739200000,179.311049337,100.0
1383825600000,205.520326315,100.0
1383912000000,221.821684887,100.0
1383998400000,248.643746639,100.0
1384084800000,222.659350417,100.0
1384171200000,229.642557111,100.0
1384257600000,248.381201214,100.0
1384344000000,265.388635838,100.0
1384430400000,295.637314722,100.0
1384516800000,301.716303504,100.0
1384603200000,312.964450412,100.0
1384689600000,334.185629724,100.0
1384776000000,387.717644547,100.0
1384862400000,422.88168137,100.0
1384948800000,327.181004249,100.0
1385035200000,448.24885103,100.0
1385121600000,506.766288031,100.0
1385208000000,576.902699288,100.0
1385294400000,530.580248018,100.0
1385380800000,562.858878428,100.0
1385467200000,582.501740946,100.0
1385553600000,636.661664847,100.0
1385640000000,716.548156443,100.0
1385726400000,767.286551103,100.0
1385812800000,789.643769216,100.0
1385899200000,718.491072834,100.0
1385985600000,681.467480233,100.0
1386072000000,757.422452852,100.0
1386158400000,785.638938247,100.0
1386244800000,654.829257555,100.0
1386331200000,710.140233994,100.0
1386417600000,549.048353044,100.0
1386504000000,528.488368218,100.0
1386590400000,622.884954507,100.0
1386676800000,644.550367138,100.0
1386763200000,617.121967535,100.0
1386849600000,602.62963308,100.0
1386936000000,634.241014052,100.0
1387022400000,611.340151592,100.0
1387108800000,584.309729218,100.0
1387195200000,576.567539094,100.0
1387281600000,495.632326215,100.0
1387368000000,349.272976765,100.0
1387454400000,465.302613989,100.0
1387540800000,480.693943989,100.0
1387627200000,427.82630281,100.0
1387713600000,451.745390653,100.0
1387800000000,445.557495809,100.0
1387886400000,459.710507583,100.0
1387972800000,467.370009423,100.0
1388059200000,500.174383718,100.0
1388145600000,531.469121522,96.5065242296
1388232000000,520.936898875,92.1458997846
1388318400000,507.050095111,98.5150509122
1388404800000,528.428306923,98.3539269946
1388491200000,526.486479566,104.464674483
1388577600000,537.915665508,112.524050989
1388664000000,539.908080434,131.153110045
1388750400000,573.833244409,124.105733769
1388836800000,575.93059989,131.728357829
1388923200000,606.495604395,150.443041686
1389009600000,694.16445156,136.411578717
1389096000000,645.089870592,119.030409859
1389182400000,602.454076846,115.048113543
1389268800000,586.078182472,115.812393813
1389355200000,585.488013896,129.977359363
1389441600000,637.3661709,117.159564967
1389528000000,605.76410795,110.752389209
1389614400000,583.198477586,110.915689655
1389700800000,586.363118111,115.556732563
1389787200000,602.324935276,111.725626382
1389873600000,595.969093548,106.564596702
1389960000000,579.255369171,107.128790513
1390046400000,586.274602249,112.626030348
1390132800000,583.129111305,136.809057007
1390219200000,613.025384833,149.342450762
1390305600000,604.07999633,126.120508822
1390392000000,588.83598332,117.075549257
1390478400000,588.95777033,112.554696036
1390564800000,555.830725391,122.491615951
1390651200000,574.284236359,129.992592935
1390737600000,602.009698437,127.711813914
1390824000000,606.649800079,114.116613077
1390910400000,567.003928623,114.415165876
1390996800000,573.092530146,114.059319645
1391083200000,564.736266247,117.661353591
1391169600000,574.499335576,123.419820731
1391256000000,590.147926502,121.640641336
1391342400000,584.443162828,115.083105017
1391428800000,569.808805253,112.296803025
1391515200000,581.034948206,109.361941968
1391601600000,580.316539059,101.571961795
1391688000000,561.770240638,84.7268930861
1391774400000,497.086280015,85.1733088813
1391860800000,496.593677447,83.0157632254
1391947200000,484.142987677,73.8033192228
1392033600000,436.152154922,87.408065083
1392120000000,495.628541729,79.4537421921
1392206400000,459.557448073,77.2456016767
1392292800000,454.156350169,70.6646498583
1392379200000,439.697952954,73.1722348958
1392465600000,449.905990377,69.8612134764
1392552000000,450.05501124,67.2821025
1392638400000,452.388732943,62.3403754716
1392724800000,440.47066257,62.6741696217
1392811200000,433.563537117,54.3528277501
1392897600000,415.609332698,49.2854649198
1392984000000,401.174513128,48.3189916612
1393070400000,397.398090269,53.4516984615
1393156800000,435.202354535,49.4347437203
1393243200000,407.821391909,37.6666581958
1393329600000,353.262132417,42.3824626238
1393416000000,402.60495061,42.6043940533
1393502400000,400.591514358,41.2762630245
1393588800000,394.238496768,40.0392229395
1393675200000,389.215141053,40.4158799596
1393761600000,397.624477037,41.0744558847
1393848000000,413.743977358,53.5924368153
1393934400000,478.994157339,44.0398827204
1394020800000,460.238916669,34.443184602
1394107200000,462.575180208,32.2437464676
1394193600000,446.453816314,30.5653331162
1394280000000,435.564803511,30.1185839242
1394366400000,434.702113693,30.7731095637
1394452800000,439.651359654,29.0516065039
1394539200000,439.512230007,31.6731064285
1394625600000,444.201729877,31.7355076874
1394712000000,449.218609401,31.2220904357
1394798400000,442.706166915,31.0737539599
1394884800000,442.933315144,31.8003673399
1394971200000,443.107658442,30.7286629875
1395057600000,432.388282164,30.8054628996
1395144000000,426.637094721,31.5752685817
1395230400000,429.447289892,29.1565399976
1395316800000,415.191175107,27.3347154053
1395403200000,398.909181555,26.8681684421
1395489600000,392.627152252,25.5789440859
1395576000000,393.908907143,25.5746671854
1395662400000,395.308279929,25.1740186665
1395748800000,402.681783131,26.0500207021
1395835200000,408.477166189,23.8160524134
1395921600000,389.188548871,20.1423830521
1396008000000,350.788729474,20.2105698516
1396094400000,349.084224842,18.9749078578
1396180800000,332.83384523,17.3629937415
1396267200000,314.228961485,18.9756416735
1396353600000,340.309353982,18.9649123625
1396440000000,342.772875884,14.8063765659
1396526400000,302.83384546,16.1545427145
1396612800000,315.172213695,15.8620959331
1396699200000,314.103639128,16.4089013185
1396785600000,317.433816803,16.8069748241
1396872000000,320.322345305,16.1743627112
1396958400000,315.210875252,16.1392284573
1397044800000,315.496042087,13.7536946955
1397131200000,286.556961428,14.1169683403
1397217600000,290.024068116,14.831348222
1397304000000,297.925684348,13.9458672971
1397390400000,290.942914332,18.9186015635
1397476800000,324.279080751,17.49122063
1397563200000,349.729403186,16.2091995905
1397649600000,361.006540295,16.2276344833
1397736000000,343.832206528,16.1732183443
1397822400000,337.06617605,17.7369250084
1397908800000,346.745783793,17.7184126055
1397995200000,352.319757031,16.3685754536
1398081600000,349.225257117,14.9343194373
1398168000000,346.392129467,15.1239894779
1398254400000,343.261537196,14.6803494858
1398340800000,341.887100034,12.2670086959
1398427200000,312.151444136,12.4150096635
1398513600000,316.048270098,11.7621067032
1398600000000,318.204334113,11.0529682058
1398686400000,303.135086666,11.7264368172
1398772800000,314.348032077,11.8509874346
1398859200000,311.206726766,11.9896495342
1398945600000,315.609614649,11.5888877403
1399032000000,311.458574283,11.4521574951
1399118400000,309.266958351,11.0811733702
1399204800000,302.378799765,11.0847797832
1399291200000,302.954925876,11.1170852683
1399377600000,301.148712155,11.3552984362
1399464000000,306.26499577,11.5456847815
1399550400000,309.851146708,11.5958259858
1399636800000,310.585246766,11.83208092
1399723200000,315.478285849,11.6155320507
1399809600000,312.825964982,11.2946336402
1399896000000,306.95767456,11.258059668
1399982400000,305.756628033,11.4682781663
1400068800000,310.244660094,11.6791080133
1400155200000,314.367472517,12.759865116
1400241600000,314.557265446,12.2839566908
1400328000000,315.476143438,11.6218642123
1400414400000,313.262416181,13.5568831071
1400500800000,310.133919838,13.5389521721
1400587200000,319.051897572,15.2490239351
1400673600000,343.991124041,15.7311450863
1400760000000,355.128444714,16.3411568839
1400846400000,374.426994738,15.6983943257
1400932800000,362.791950151,16.7398751649
1401019200000,395.337912626,16.8271649951
1401105600000,405.574342217,14.6042888141
1401192000000,393.776694918,17.4074969605
1401278400000,400.981510929,15.7363917013
1401364800000,394.46215107,16.7478518328
1401451200000,413.241095218,17.6865844574
1401537600000,432.057659372,17.5905942833
1401624000000,450.30448099,17.9022013337
1401710400000,437.530213493,18.0498998556
1401796800000,459.767726014,16.7780338632
1401883200000,445.050458021,15.8211819891
1401969600000,455.720930246,15.4997891162
1402056000000,459.85879188,15.0274129929
1402142400000,458.160075964,15.1126974295
1402228800000,459.313794612,12.7907465498
1402315200000,454.226616387,14.2398760402
1402401600000,458.534763945,13.5899651636
1402488000000,448.735110358,13.3248830178
1402574400000,444.501177952,12.662491053
1402660800000,428.386073983,11.817729896
1402747200000,406.929882386,11.3137044702
1402833600000,395.788122605,12.1165519414
1402920000000,422.524093081,11.9391004738
1403006400000,420.234074233,12.145221425
1403092800000,428.178767445,11.1260260729
1403179200000,424.146110827,10.9935211043
1403265600000,414.624027779,11.0456120752
1403352000000,417.834966736,10.5453380129
1403438400000,423.01253624,10.1924398383
1403524800000,412.903707767,10.3118493293
1403611200000,416.90444453,9.53536665933
1403697600000,396.098459231,9.83857858287
1403784000000,402.126846339,10.0216397543
1403870400000,409.557226475,10.3607317237
1403956800000,421.764410735,10.1811454655
1404043200000,418.456429476,10.7131554975
1404129600000,438.710852987,11.0574154277
1404216000000,455.646761387,10.1553080856
1404302400000,451.661770256,10.6074110837
1404388800000,454.740178561,10.436100041
1404475200000,442.044548003,10.0578749243
1404561600000,442.145188687,9.86584706815
1404648000000,443.001691433,10.112020555
1404734400000,438.602892183,10.165217371
1404820800000,435.713023172,9.8796469163
1404907200000,436.087492965,9.61647795672
1404993600000,429.940924319,6.15604518036
1405080000000,436.298262032,5.89259944461
1405166400000,441.217558905,6.24091246797
1405252800000,441.657278842,6.00822052039
1405339200000,434.251841232,6.02295209295
1405425600000,435.362598424,5.9028278914
1405512000000,431.964559109,5.83308495099
1405598400000,427.976450323,6.05489170124
1405684800000,434.128271559,6.06971925213
1405771200000,438.170428408,6.01179211336
1405857600000,437.649729512,5.96968990471
1405944000000,433.834068144,6.04048836281
1406030400000,435.924202421,6.00302133569
1406116800000,435.935977929,5.78835232904
1406203200000,425.843864569,5.50651412162
1406289600000,419.570676337,5.41994425921
1406376000000,417.24195984,5.46888489603
1406462400000,417.177810701,5.25287999001
1406548800000,406.060243594,5.31652575616
1406635200000,408.928399873,5.14360795128
1406721600000,402.670922223,5.04831946372
1406808000000,399.342766301,5.3625611241
1406894400000,412.630867854,5.33514744772
1406980800000,412.177395011,5.26399028746
1407067200000,408.450964343,5.30117325426
1407153600000,409.896091428,5.25638504311
1407240000000,410.46620753,5.17535373822
1407326400000,407.862200234,5.11950836619
1407412800000,409.782105503,5.20548081038
1407499200000,413.677953284,5.14102734925
1407585600000,411.66765182,5.2035192356
1407672000000,415.258837837,5.10599194249
1407758400000,411.385507515,4.47712469326
1407844800000,398.039457294,4.13954987178
1407931200000,384.774805605,3.88237378105
1408017600000,359.641165483,3.76671729194
1408104000000,354.772078362,3.67459837108
1408190400000,348.791010748,3.6012243632
1408276800000,347.008774372,2.87715831333
1408363200000,321.253176692,3.09306699261
1408449600000,332.741826372,3.38505260731
1408536000000,335.805379828,3.94489323499
1408622400000,361.649788627,3.6338663194
1408708800000,354.646204334,3.43139913013
1408795200000,353.716508085,3.63053432353
1408881600000,350.430636515,3.56425599567
1408968000000,350.896183936,3.97028224711
1409054400000,356.622706293,3.64061583201
1409140800000,360.974171439,3.45169477971
1409227200000,355.489700181,3.46084707139
1409313600000,353.926344754,3.69081346364
1409400000000,352.907697525,3.57708628296
1409486400000,343.684814258,3.47106986339
1409572800000,336.719924571,3.35779979954
1409659200000,333.864029352,3.40751569678
1409745600000,334.522164043,3.53084368392
1409832000000,336.223141741,3.53125843179
1409918400000,341.407358449,3.48020820764
1410004800000,339.466915441,3.48160305011
1410091200000,340.704024031,3.23400130736
1410177600000,328.371912414,3.26380557917
1410264000000,329.34296061,3.37162289627
1410350400000,337.056800763,3.36367006882
1410436800000,333.93774363,3.33957033837
1410523200000,332.516524575,3.39906385013
1410609600000,334.793166161,3.36720779042
1410696000000,333.337363097,3.48627144734
1410782400000,332.284808685,3.37975312834
1410868800000,331.074148074,3.15035528115
1410955200000,323.774853053,3.15513447755
1411041600000,312.683952589,2.48142259493
1411128000000,275.670554805,2.6634086506
1411214400000,293.82914208,2.40721152211
1411300800000,277.576707169,2.45121784046
1411387200000,282.189011274,2.38849308724
1411473600000,278.31076464,2.67809670456
1411560000000,298.21829291,2.45754489028
1411646400000,287.573263358,2.53533451494
1411732800000,280.398767135,2.55135816524
1411819200000,283.707058582,2.45193260975
1411905600000,277.310656096,2.32955948449
1411992000000,263.789538403,2.37475682323
1412078400000,266.392128456,2.41838622774
1412164800000,267.757078443,2.40291733196
1412251200000,267.123422691,2.34718945536
1412337600000,261.929302718,2.12470521071
1412424000000,243.37239811,1.80415812384
1412510400000,218.693396327,1.94251657318
1412596800000,229.764996107,1.91045135159
1412683200000,227.330172826,2.03073906251
1412769600000,237.041493943,2.25092495224
1412856000000,258.595323332,2.16920482236
1412942400000,254.657983737,2.08527782651
1413028800000,250.152532696,2.09693764829
1413115200000,250.369735324,2.26364353624
1413201600000,266.401750826,2.50362944676
1413288000000,283.046073544,2.3984708034
1413374400000,276.90775664,2.32276141178
1413460800000,270.163705942,2.25254642124
1413547200000,263.056858323,2.32661143441
1413633600000,268.897599703,2.32302416985
1413720000000,270.849486297,2.26603222184
1413806400000,267.214057887,2.31496509143
1413892800000,271.458063907,2.27646669865
1413979200000,269.830559348,2.16069351804
1414065600000,259.879937717,2.11070402481
1414152000000,250.469595386,2.01886511662
1414238400000,242.819438169,2.09326090167
1414324800000,249.067405337,2.12216192654
1414411200000,248.647219182,2.14595928504
1414497600000,251.46516571,2.05798491479
1414584000000,244.109714424,1.98116098799
1414670400000,235.788860883,1.9987942277
1414756800000,238.087973318,1.89969896028
1414843200000,231.316043851,1.84269906022
1414929600000,225.283880711,1.89349994236
1415016000000,230.113527304,1.87614450111
1415102400000,228.418283867,1.95170816368
1415188800000,236.407508422,1.98340483759
1415275200000,239.68358979,1.97277632113
1415361600000,240.077016058,1.96720744085
1415448000000,240.566246446,2.01005534709
1415534400000,244.908340971,2.14839785235
1415620800000,258.648889724,2.15773701313
1415707200000,258.076442616,2.27819291968
1415793600000,272.595871882,2.63459519311
1415880000000,301.656688439,2.38301224411
1415966400000,276.215029906,2.3704542204
1416052800000,274.844261742,2.3279026065
1416139200000,271.958243329,2.47587763244
1416225600000,285.662155425,2.20294603108
1416312000000,263.393781138,2.23559132645
1416398400000,265.931121822,2.05633458046
1416484800000,252.141901778,1.99416290252
1416571200000,247.342884532,2.07108304077
1416657600000,254.22273932,2.01322216399
1416744000000,249.866658793,2.05519575748
1416830400000,260.059657857,2.14108378626
1416916800000,274.595450746,2.0708454918
1417003200000,259.475178102,2.26428101172
1417089600000,260.957326159,2.28511417016
1417176000000,253.841807218,2.41368566357
1417262400000,269.043007513,2.29336364327
1417348800000,265.370842537,2.16394557312
1417435200000,265.3043624,2.30262498631
1417521600000,266.648324061,2.26338412218
1417608000000,262.337558183,2.24796250223
1417694400000,258.083155898,2.28523341242
1417780800000,260.565842736,2.31130572845
1417867200000,262.08268078,2.34481976354
1417953600000,262.455646672,2.23346815012
1418040000000,256.334112972,2.21237078957
1418126400000,245.096219615,2.25079648307
1418212800000,244.627268931,2.31201655684
1418299200000,249.392867734,2.27129008153
1418385600000,244.621869571,2.27913937335
1418472000000,242.987901898,2.30215776694
1418558400000,243.867269522,2.28393580689
1418644800000,243.090533525,2.2106981737
1418731200000,233.549188967,2.25718715967
1418817600000,222.472973807,2.2977733703
1418904000000,219.624444554,2.21703813892
1418990400000,217.517966003,2.30739074657
1419076800000,230.039634585,2.33172389103
1419163200000,226.621553272,2.37641397739
1419249600000,230.145401405,2.37486780371
1419336000000,231.602104237,2.21684990366
1419422400000,231.635141904,2.13566882912
1419508800000,223.204134727,2.20873332357
1419595200000,226.308635159,2.17217514492
1419681600000,224.029278645,2.10227222966
1419768000000,218.689666728,2.13252246059
1419854400000,219.865143667,2.10065865995
1419940800000,217.1596528,2.12001043959
1420027200000,218.123000498,1.91856298188
1420113600000,220.771902871,1.8988738888
1420200000000,219.86953916,1.77756892932
1420286400000,212.957598453,1.60004138822
1420372800000,197.580424406,1.54036828931
1420459200000,190.405629673,1.57337718429
1420545600000,192.086306197,1.6210891159
1420632000000,199.631297727,1.61477139083
1420718400000,200.848589144,1.59256243403
1420804800000,197.946273451,1.52612588272
1420891200000,194.851770739,1.46776584901
1420977600000,192.960273378,1.40231641323
1421064000000,188.000891837,1.10560277277
1421150400000,160.560714272,0.857683098831
1421236800000,135.274084437,0.931972842761
1421323200000,147.639453924,0.966610927567
1421409600000,149.407966926,0.893105777443
1421496000000,138.706932515,0.937786993032
1421582400000,148.254780564,0.926892387409
1421668800000,147.398861265,0.922661348636
1421755200000,146.323608017,0.950004009847
1421841600000,148.507868171,1.11651711124
1421928000000,162.110150521,1.09373604464
1422014400000,158.402546705,1.13583508122
1422100800000,164.605292517,1.35994903777
1422187200000,171.443047688,1.61523086252
1422273600000,209.146772829,1.36951153399
1422360000000,177.630901462,1.40386929881
1422446400000,181.293876075,1.20094247018
1422532800000,156.813171732,1.23337118374
1422619200000,162.381308813,1.22234811498
1422705600000,159.873707037,1.07106671774
1422792000000,149.909780829,1.14799876072
1422878400000,157.426069682,1.26960703177
1422964800000,169.478686356,1.19527392986
1423051200000,159.129208784,1.17773250417
1423137600000,157.692353831,1.12609634951
1423224000000,151.661156313,1.15543963725
1423310400000,160.138430117,1.16013772108
1423396800000,159.140730915,1.07743165833
1423483200000,153.568078648,1.04517719587
1423569600000,151.286556031,1.04771900556
1423656000000,153.852358958,1.03729318184
1423742400000,152.989096231,1.13178806686
1423828800000,164.18817066,1.20610193655
1423915200000,172.237333007,1.23406744157
1424001600000,177.658803091,1.08177989406
1424088000000,162.954272787,1.11328894209
1424174400000,167.043926012,1.13417175758
1424260800000,169.205307394,1.11219160296
1424347200000,166.292125506,1.13817463983
1424433600000,169.976480067,1.14653937782
1424520000000,170.906667588,1.14739940781
1424606400000,170.978180148,1.03749103979
1424692800000,162.982265115,1.06356013915
1424779200000,166.247594072,1.05744492214
1424865600000,165.907143679,1.0509952232
1424952000000,165.401953709,1.18766838618
1425038400000,176.513864254,1.18046975093
1425124800000,177.005852655,1.16756914392
1425211200000,175.547944264,1.24113645625
1425297600000,181.166531188,1.26884919604
1425384000000,191.229560283,1.23616363772
1425470400000,195.344611076,1.25052291771
1425556800000,188.427813805,1.24866132407
1425643200000,189.534487791,1.23881429727
1425729600000,190.233511135,1.25154169898
1425816000000,191.470868942,1.28747178983
1425902400000,195.750440977,1.34261555822
1425988800000,205.911065164,1.32957195252
1426075200000,204.743200492,1.32479522125
1426161600000,204.700858651,1.32144805605
1426248000000,203.127735637,1.2823191444
1426334400000,198.132354047,1.29094035297
1426420800000,198.955064358,1.33102629809
1426507200000,204.022964899,1.32882449188
1426593600000,203.324554869,1.16741428718
1426680000000,188.601097622,1.10386746758
1426766400000,180.689132181,1.10879297349
1426852800000,181.903743516,1.09848847856
1426939200000,181.617122376,1.10462742946
1427025600000,182.291391921,1.16734120384
1427112000000,187.54021565,1.08001635638
1427198400000,178.287778742,1.05985029994
1427284800000,171.906700957,1.06154182758
1427371200000,175.521737599,1.04052496451
1427457600000,172.853869612,1.07221963116
1427544000000,176.722322526,1.01305073841
1427630400000,171.912894826,1.00351127553
1427716800000,170.377457216,1.00662437737
1427803200000,170.852899741,0.991652494679
1427889600000,169.706324668,1.01173322323
1427976000000,172.158615138,1.04823129494
1428062400000,177.322912422,1.03766531619
1428148800000,176.22535943,1.07084990169
1428235200000,179.065856346,1.0837908719
1428321600000,180.151116285,1.06630956974
1428408000000,177.300699852,1.01301355759
1428494400000,171.447992516,0.983954884874
1428580800000,169.21180927,0.96103951737
1428667200000,166.545108456,0.933811920214
1428753600000,164.236858265,0.925217824417
1428840000000,164.92062516,0.917366501627
1428926400000,163.681173383,0.816669051122
1429012800000,154.939774588,0.81440243613
1429099200000,155.09754836,0.843280609272
1429185600000,157.865704613,0.835531294823
1429272000000,155.933940094,0.827712636139
1429358400000,154.925205061,0.859301651999
1429444800000,157.909892187,0.856687206667
1429531200000,157.669852548,0.853016764352
1429617600000,157.332448964,0.929932046985
1429704000000,164.587994747,0.926741814505
1429790400000,164.468490561,0.898982797198
1429876800000,162.023653301,0.883559253188
1429963200000,159.739960064,0.807660067779
1430049600000,153.024253043,0.801957001916
1430136000000,152.66581621,0.849368981405
1430222400000,157.24600664,0.846544081593
1430308800000,156.977810212,0.898777885751
1430395200000,162.893173094,0.902177244269
1430481600000,163.70798874,0.904823971058
1430568000000,164.23641828,0.939244638846
1430654400000,169.475341372,0.934543511976
1430740800000,168.866819293,0.888719122042
1430827200000,163.42577498,0.897333914698
1430913600000,164.389984258,0.881129237873
1431000000000,161.640122914,0.899602994869
1431086400000,166.373044918,0.906604550888
1431172800000,167.936435031,0.917392941853
1431259200000,169.848832907,0.906718843095
1431345600000,168.251769065,0.908687018324
1431432000000,168.434476602,0.9211877492
1431518400000,169.597039802,0.876864729756
1431604800000,165.565639707,0.878859099829
1431691200000,165.94836327,0.87434243123
1431777600000,165.52248637,0.873824413352
1431864000000,165.473460436,0.876217900974
1431950400000,165.700239414,0.841988631899
1432036800000,162.495120536,0.885707019446
1432123200000,163.192088393,0.899038317401
1432209600000,164.424871525,0.901698781925
1432296000000,164.668337412,1.00207325309
1432382400000,168.333357799,0.979711228095
1432468800000,167.471728134,0.967744116037
1432555200000,166.050608994,0.96946816085
1432641600000,166.376748545,0.983316991238
1432728000000,166.312582371,0.976153180608
1432814400000,166.036643453,0.957415998819
1432900800000,165.579467165,0.929199764988
1432987200000,162.991137003,0.887383629299
1433073600000,161.970518923,0.865477406213
1433160000000,159.284498481,0.838764924375
1433246400000,156.259847379,0.864361753509
1433332800000,157.839385787,0.860410725842
1433419200000,157.713238962,0.860329325389
1433505600000,157.071222035,0.886378802437
1433592000000,157.618942084,0.883139884547
1433678400000,157.485269888,0.883526916629
1433764800000,157.562961359,0.910057637311
1433851200000,161.002221313,0.904507853762
1433937600000,160.654444604,0.908225436516
1434024000000,160.732493467,0.912030320282
1434110400000,161.129937605,0.909948064403
1434196800000,160.94610472,0.939606395449
1434283200000,163.590486586,0.945692289159
1434369600000,164.658653497,1.02656303317
1434456000000,168.536760907,1.18906682466
1434542400000,178.365890786,1.1818701311
1434628800000,175.124563083,1.18678811279
1434715200000,172.735452277,1.16476269507
1434801600000,169.71364297,1.19402708316
1434888000000,171.156277128,1.19956714687
1434974400000,172.322180151,1.18018756676
1435060800000,170.418723667,1.17503596514
1435147200000,170.602944223,1.14944892605
1435233600000,169.527535241,1.15188549057
1435320000000,169.367785218,1.1739065413
1435406400000,171.733930133,1.22664037424
1435492800000,174.192239172,1.26419265021
1435579200000,177.869659773,1.47009818114
1435665600000,183.640290285,1.41520221646
1435752000000,180.178913501,1.4490962949
1435838400000,180.025473509,1.41897688204
1435924800000,177.560740629,1.42837116793
1436011200000,178.815205898,1.45671810451
1436097600000,182.102049397,1.6630081464
1436184000000,190.888485157,1.67756689724
1436270400000,187.444537186,1.74840681462
1436356800000,188.991163794,1.97821434586
1436443200000,189.052062739,1.88456050922
1436529600000,202.034917082,1.63479972142
1436616000000,204.219403683,1.83850778058
1436702400000,215.340719109,1.63155595613
1436788800000,201.773046663,1.64096381302
1436875200000,202.78578133,1.65958126489
1436961600000,204.373358312,1.44765714032
1437048000000,198.595744414,1.36978775448
1437134400000,192.205774601,1.4519306563
1437220800000,194.27674399,1.41070364784
1437307200000,191.547623784,1.39784496584
1437393600000,193.496265283,1.41232045814
1437480000000,194.542404119,1.40239136353
1437566400000,193.664674536,1.40273484688
1437652800000,193.371921841,1.51591195337
1437739200000,199.133559667,1.61833110638
1437825600000,202.617679607,1.63772570893
1437912000000,204.781885777,1.60254764119
1437998400000,201.472388743,1.7039928001
1438084800000,205.396636984,1.62694387997
1438171200000,202.551844498,1.57060459325
1438257600000,200.487269131,1.56861487363
1438344000000,198.955969763,1.45772949217
1438430400000,194.869379893,1.45145162944
1438516800000,196.575303902,1.51687722239
1438603200000,198.099596667,1.50613056322
1438689600000,198.648992338,1.51432854774
1438776000000,197.448636628,1.4397297569
1438862400000,195.34535997,1.46151696735
1438948800000,195.333180099,1.43119317281
1439035200000,192.897413685,1.34880334681
1439121600000,185.216218017,1.34774488824
1439208000000,185.431115514,1.36513986022
1439294400000,186.359137198,1.36173967245
1439380800000,186.480951271,1.39940841769
1439467200000,183.874868634,1.65829786636
1439553600000,185.418667118,1.50827364221
1439640000000,186.108851567,1.36809462383
1439726400000,180.839186862,1.39175813628
1439812800000,180.390713735,1.29874521649
1439899200000,179.257301015,1.17381397841
1439985600000,162.537939957,1.23548063175
1440072000000,164.403726045,1.27900074226
1440158400000,164.057763516,1.22952298823
1440244800000,160.126317707,1.20866884291
1440331200000,161.359729965,1.11851704201
1440417600000,155.256329684,1.00270919369
1440504000000,149.172746591,1.11654397428
1440590400000,158.568634513,1.12727091584
1440676800000,158.123543671,1.11002895973
1440763200000,158.612716283,1.13645967744
1440849600000,161.685958697,1.12159015775
1440936000000,160.205469016,1.12417794123
1441022400000,160.81915663,1.112413577
1441108800000,159.630245688,1.1106840764
1441195200000,159.960715514,1.07990690045
1441281600000,158.838758506,1.09336616095
1441368000000,160.450991595,1.09603002935
1441454400000,161.426930919,1.18168233081
1441540800000,167.859359776,1.19508825399
1441627200000,167.879100873,1.22049496146
1441713600000,170.801756264,1.16831762535
1441800000000,167.653936908,1.16238049835
1441886400000,166.889204881,1.17331176709
1441972800000,168.125002094,1.21529733696
1442059200000,167.637805193,1.13090361053
1442145600000,163.185828845,1.11302554718
1442232000000,160.410819514,1.12203607164
1442318400000,161.011817977,1.09495984712
1442404800000,159.080776269,1.11972241026
1442491200000,nan,1.11972241026
1442577600000,162.698811692,1.10804678778
1442664000000,162.262415696,1.1038854313
1442750400000,161.958006989,1.07159955815
1442836800000,159.606808321,1.09869779293
1442923200000,161.637660707,1.09714171329
1443009600000,160.876866165,1.11289721548
1443096000000,162.036159208,1.14351454352
1443182400000,165.752554835,1.10783285247
1443268800000,163.597799762,1.10079565347
1443355200000,163.079019369,1.13903659458
1443441600000,165.936394097,1.14281701488
1443528000000,165.180698244,1.16547025799
1443614400000,165.239646234,1.16028924374
1443700800000,165.111134236,1.17004430798
1443787200000,165.884394872,1.17359010625
1443873600000,166.429987042,1.17834721989
1443960000000,166.767638667,1.17114409078
1444046400000,166.258699154,1.19987142096
1444132800000,168.310358593,1.23441039862
1444219200000,171.074776709,1.21871731038
1444305600000,169.984681522,1.22599047072
1444392000000,170.224103804,1.22534049575
1444478400000,170.17898651,1.23483332176
1444564800000,170.839461039,1.25820408748
1444651200000,172.463809908,1.27790603703
1444737600000,174.627010386,1.26780369165
1444824000000,174.686578962,1.28841162487
1444910400000,178.103550878,1.31018158148
1444996800000,181.224354765,1.41397766303
1445083200000,188.546965027,1.38595906426
1445169600000,186.725071493,1.36477375593
1445256000000,183.982195914,1.38398536532
1445342400000,185.573149362,1.37969369277
1445428800000,185.285645564,1.47893857026
1445515200000,192.070969482,1.50741254115
1445601600000,193.928866666,1.51421497338
1445688000000,194.487736833,1.60936166416
1445774400000,200.695119725,1.58325656906
1445860800000,198.363449364,1.61505885647
1445947200000,202.165188512,1.70864746169
1446033600000,210.52262057,1.83483893871
1446120000000,216.264650202,2.03429803159
1446206400000,225.324373994,2.02503624197
1446292800000,226.987051512,1.9889189471
1446379200000,224.070762773,2.09419567961
1446465600000,233.686749077,2.38690135822
1446552000000,262.660026163,2.77385986695
1446638400000,329.677987461,2.23663807038
1446724800000,271.434846939,2.08424931027
1446811200000,260.295045094,2.15788430651
1446897600000,270.063827677,2.18295033199
1446984000000,269.251160673,2.1333577991
1447070400000,268.878170879,2.12524011452
1447156800000,262.713956492,1.72882724499
1447243200000,223.590517616,1.87609182132
1447329600000,235.114137652,1.81359292789
1447416000000,229.460769462,1.84331511512
1447502400000,232.255285016,1.84754228977
1447588800000,233.226669099,1.68319423698
1447675200000,223.080641865,1.78792190458
1447761600000,233.600234774,1.78210926209
1447848000000,232.630148899,1.80081869062
1447934400000,233.557593478,1.71865894109
1448020800000,225.739083154,1.75057825796
1448107200000,229.05177078,1.70526448864
1448193600000,226.106366477,1.71194612576
1448280000000,226.549770286,1.69044833144
1448366400000,225.131775158,1.73061957612
1448452800000,228.333514842,1.98981741646
1448539200000,248.602066266,2.00136840598
1448625600000,251.035189352,1.95539968018
1448712000000,248.589685793,2.03230245493
1448798400000,254.265651741,2.1169888256
1448884800000,264.692553016,1.95539850278
1448971200000,252.06303179,1.87639918768
1449057600000,246.342456394,1.9333622981
1449144000000,251.621803924,1.92661530924
1449230400000,251.54749073,2.07186650691
1449316800000,266.698704749,2.12971422284
1449403200000,275.105030385,2.19296403957
1449489600000,277.16646667,2.16888881232
1449576000000,276.679831412,2.50797294868
1449662400000,295.776438159,2.51020180449
1449748800000,289.967610517,2.54040634372
1449835200000,303.385327619,2.51310259211
1449921600000,301.558462298,2.55313416985
1450008000000,304.168665093,2.5951514297
1450094400000,309.949933736,2.4523114646
1450180800000,317.738285797,2.44853353561
1450267200000,321.838272111,2.44869521783
1450353600000,319.390582959,2.46621766343
1450440000000,320.986089571,2.50144926867
1450526400000,325.035300156,2.45984835129
1450612800000,321.344963187,2.31267416325
1450699200000,310.94957321,2.27244721093
1450785600000,308.713345845,2.31582155364
1450872000000,309.06992005,2.41584242464
1450958400000,319.538875075,2.3811045171
1451044800000,316.783809539,2.1682146318
1451131200000,295.585045917,2.17010384634
1451217600000,296.156979912,2.18795319649
1451304000000,297.671860007,2.17230209583
1451390400000,295.881727896,2.22243351938
1451476800000,302.090608989,2.17720713497
1451563200000,297.363967127,2.23037341531
1451649600000,302.782601381,2.22981554349
1451736000000,302.769248636,2.23563557043
1451822400000,300.913292499,2.24363980003
1451908800000,301.751665833,2.23104982876
1451995200000,301.328972715,2.22866932937
1452081600000,301.128186626,2.35597075977
1452168000000,314.267106189,2.39214700069
1452254400000,318.434868423,2.35285745841
1452340800000,314.162426299,2.23413228414
1452427200000,308.537377723,2.26670096003
1452513600000,311.567544079,2.26513919594
1452600000000,311.945678624,2.24943483433
1452686400000,298.673222228,2.23556532969
1452772800000,300.464709261,2.0599827147
1452859200000,283.3088052,1.86017111338
1452945600000,258.584616823,1.84071405124
1453032000000,267.62474163,1.95186497466
1453118400000,268.302854837,1.92998464118
1453204800000,269.9286003,1.93140326845
1453291200000,267.232799131,2.1273683549
1453377600000,289.956206001,2.01474744987
1453464000000,275.280235829,2.09833637544
1453550400000,272.720409506,2.23427516081
1453636800000,279.989294236,2.21987094025
1453723200000,278.220704402,2.35085272097
1453809600000,276.353128694,2.48414300732
1453896000000,276.244659897,2.15286328676
1453982400000,268.023639075,2.06271278027
1454068800000,268.297182981,2.03209928421
1454155200000,264.776215958,1.97575538317
1454241600000,265.242823161,1.95920165222
1454328000000,263.499608559,1.90965063056
1454414400000,261.563232219,1.97290617807
1454500800000,260.497298985,2.00801337947
1454587200000,262.227574933,2.07243661033
1454673600000,272.923971082,2.05344222871
1454760000000,263.153479073,2.15023249212
1454846400000,265.087526093,2.23876453391
1454932800000,264.846134323,2.29938284917
1455019200000,262.338956783,2.62445350111
1455105600000,264.955422818,2.61494337465
1455192000000,266.488849164,2.60816867487
1455278400000,267.535518399,2.26662316245
1455364800000,272.881965275,2.28628776868
1455451200000,279.500035897,2.37491165894
1455537600000,281.2321612,2.25457049851
1455624000000,282.370146328,2.10200296191
1455710400000,289.681986893,2.19641566084
1455796800000,297.109481409,2.21818754645
1455883200000,294.224270003,2.29363151902
1455969600000,301.025754845,2.35926606145
1456056000000,312.465868423,2.4101287784
1456142400000,305.776679793,2.44232957518
1456228800000,296.274815926,2.39492844758
1456315200000,292.870447413,2.50582744044
1456401600000,297.054216606,2.46185245056
1456488000000,298.523352883,2.48249391779
1456574400000,299.986479948,2.68183929028
1456660800000,298.073848855,2.60680260087
1456747200000,305.382596114,2.56345587467
1456833600000,304.94259633,2.71045514235
1456920000000,303.103952278,2.89694451781
1457006400000,295.921152438,2.77914988388
1457092800000,294.434163861,2.97450299007
1457179200000,285.160052326,3.11479994345
1457265600000,284.915724614,2.84768996555
1457352000000,289.048129029,2.92051146964
1457438400000,288.973748807,3.14007191831
1457524800000,288.828481123,3.2757797618
1457611200000,289.309236917,3.36406700104
1457697600000,295.507331914,3.3701324056
1457784000000,290.623335951,3.4571561619
1457870400000,290.954796217,3.10223233846
1457956800000,290.62547169,3.02914296546
1458043200000,292.067203611,3.0747038909
1458129600000,291.787920709,3.27507917054
1458216000000,293.13208279,2.7976111181
1458302400000,291.459058455,2.81403425013
1458388800000,286.866643041,2.74822171202
1458475200000,287.91659028,2.83375966829
1458561600000,287.525678451,2.96549484645
1458648000000,291.753154058,2.9469472562
1458734400000,292.308309542,2.86962037369
1458820800000,291.196376337,2.8736628841
1458907200000,292.030466101,2.8455027811
1458993600000,291.423935013,2.86467315875
1459080000000,292.871576643,2.74550156672
1459166400000,297.798572887,2.89490199414
1459252800000,292.293168141,2.89566050293
1459339200000,290.313216297,2.8682394854
1459425600000,291.043335848,2.82503607837
1459512000000,291.721773089,2.82825391765
1459598400000,294.328753188,2.85216256784
1459684800000,294.553433467,2.79398407809
1459771200000,293.968908873,2.76074444203
1459857600000,295.891617042,2.76941755972
1459944000000,296.104807596,2.70389167179
1460030400000,295.60184461,2.6294523679
1460116800000,296.878330876,2.56263159637
1460203200000,293.109444381,2.44415925785
1460289600000,294.845450786,2.46743246439
1460376000000,294.428064628,2.44909257812
1460462400000,297.423372766,2.38098024338
1460548800000,297.012000919,2.41033031646
1460635200000,296.490933611,2.51587172758
1460721600000,299.406503916,2.51387752882
1460808000000,301.526857924,2.6590560684
1460894400000,300.027458937,2.57127740625
1460980800000,299.262589937,2.62174267293
1461067200000,300.004325717,2.63110240723
1461153600000,304.898796434,2.66604877006
1461240000000,309.33732815,2.63244776635
1461326400000,312.585352358,2.60983289712
1461412800000,312.65318478,2.69902789053
1461499200000,316.171416855,2.74424186873
1461585600000,317.817988581,2.75836997141
1461672000000,323.517336547,2.87972597243
1461758400000,325.158211872,2.66217921985
1461844800000,311.583473927,2.69409224026
1461931200000,314.178337797,2.76369636618
1462017600000,317.509687765,2.78719981648
1462104000000,315.689651104,2.87085141886
1462190400000,310.059935979,2.8832362988
1462276800000,313.239352793,2.88630299732
1462363200000,311.99756685,2.85348418115
1462449600000,311.826431221,2.9078664162
1462536000000,315.135188703,2.9067471912
1462622400000,321.196420897,2.88523311238
1462708800000,319.521019529,2.92922912407
1462795200000,319.400287693,2.8875096581
1462881600000,315.788076594,2.91334572949
1462968000000,316.98874587,2.93139036123
1463054400000,315.437666062,3.01471546719
1463140800000,318.611093111,2.96221609847
1463227200000,318.377354531,2.97539994549
1463313600000,319.086934398,3.00512449823
1463400000000,319.860127272,3.10969683081
1463486400000,317.412852204,3.25715599133
1463572800000,318.02014334,3.26677787919
1463659200000,314.65680718,3.28226666747
1463745600000,310.087701307,3.16271125145
1463832000000,309.461830773,3.20645982386
1463918400000,309.775523613,3.2094762422
1464004800000,309.798876357,3.12090218265
1464091200000,311.782748688,3.11498872875
1464177600000,314.119013696,3.13803005016
1464264000000,316.494636988,3.24857822559
1464350400000,332.00252266,3.19455218283
1464436800000,346.973267672,3.50668854664
1464523200000,368.692114359,3.58268883658
1464609600000,379.232450804,3.56361063822
1464696000000,380.687838357,3.46810108833
1464782400000,373.451390874,3.59862235293
1464868800000,375.422920711,3.72175453556
1464955200000,386.773265589,3.88777378173
1465041600000,401.114990252,3.91713741411
1465128000000,404.050120836,3.94296252651
1465214400000,408.235048874,3.94695121676
1465300800000,409.878265491,3.96921110053
1465387200000,406.03133277,3.9438448971
1465473600000,405.31189691,3.89684274398
1465560000000,402.322628158,3.89353515673
1465646400000,407.10229293,4.14959810617
1465732800000,449.258796958,4.51173079096
1465819200000,486.716815989,4.72372302642
1465905600000,481.628224521,4.68814742863
1465992000000,476.99560004,4.85133363243
1466078400000,512.575240771,4.79307427348
1466164800000,516.664736429,4.62561548838
1466251200000,525.905729409,4.53163101107
1466337600000,526.275523045,4.38076442745
1466424000000,525.72050398,4.10179568782
1466510400000,477.802626021,4.09575473526
1466596800000,465.662518198,3.75088071737
1466683200000,413.89736726,3.97678596574
1466769600000,459.916149339,4.00071928017
1466856000000,474.230229422,3.90882714
1466942400000,454.663756684,3.8707657066
1467028800000,444.786058849,4.30114086331
1467115200000,454.784974925,4.0499898606
1467201600000,444.450160894,4.04057292991
1467288000000,457.020795836,4.04910438021
1467374400000,475.004614988,4.01650843144
1467460800000,484.272418968,4.01323819004
1467547200000,476.121333881,3.91583255051
1467633600000,469.312700219,3.772909062
1467720000000,472.068723096,3.58442173997
1467806400000,471.226960702,3.33087349669
1467892800000,452.366184149,3.36532899117
1467979200000,450.584209675,3.37243963318
1468065600000,455.445848537,3.33287198092
1468152000000,452.430445288,3.25200923855
1468238400000,452.151510393,3.32501270749
1468324800000,457.185210044,3.31914850325
1468411200000,465.967643576,3.42678092366
1468497600000,461.961137126,3.40873880836
1468584000000,464.328042096,3.28326935262
1468670400000,464.635295165,3.29634307321
1468756800000,466.141067686,3.35492444596
1468843200000,475.046029368,3.28712603231
1468929600000,470.004026024,3.44620032705
1469016000000,468.590361809,3.32825614198
1469102400000,463.602006619,3.32254981347
1469188800000,462.433150794,3.21863798562
1469275200000,458.183007862,3.14150758155
1469361600000,458.593955648,3.15860851507
1469448000000,457.17613031,3.71551452461
1469534400000,453.888653944,3.90218027313
1469620800000,455.683847575,3.82790005958
1469707200000,458.337540924,3.80722231087
1469793600000,458.115942033,3.84270300902
1469880000000,459.049225762,3.80593813742
1469966400000,443.348460282,3.84110726768
1470052800000,437.249897655,3.8538906741
1470139200000,421.980158099,3.67193445796
1470225600000,390.5722729,3.76630539188
1470312000000,401.973414605,3.73362454277
1470398400000,400.510174876,3.8202943277
1470484800000,399.857012985,3.77239171257
1470571200000,414.265356156,3.73328013087
1470657600000,412.950611969,3.63751809581
1470744000000,412.07842664,3.55943486143
1470830400000,412.12790321,3.48108002369
1470916800000,416.638957974,3.52860317519
1471003200000,411.48233432,3.5336963671
1471089600000,412.303287689,3.46146656195
1471176000000,405.188943572,3.47093476213
1471262400000,400.40180668,3.31330158548
1471348800000,397.559885017,3.34999720315
1471435200000,404.300601368,3.3422818022
1471521600000,402.806823593,3.35552718788
1471608000000,403.018068583,3.32618218487
1471694400000,406.396551025,3.08451180648
1471780800000,407.192414902,3.17688784213
1471867200000,406.944108892,3.34175501877
1471953600000,407.995663025,3.38524552378
1472040000000,407.756608379,3.25602033365
1472126400000,402.98087994,3.33643019493
1472212800000,405.154724025,3.29307202229
1472299200000,402.626801041,3.58052364837
1472385600000,401.029843374,3.7361297283
1472472000000,402.181195331,3.53817639301
1472558400000,404.116648371,3.45994319732
1472644800000,401.949854609,3.53519015081
1472731200000,400.560347529,3.60398786996
1472817600000,400.865973515,3.74836905339
1472904000000,401.781503335,3.67278291474
1472990400000,421.796276857,3.91074735333
1473076800000,421.312864205,3.82946492408
1473163200000,425.163085232,3.84966020205
1473249600000,427.154554683,3.60264522205
1473336000000,438.887532214,3.56818103634
1473422400000,434.681387709,3.25879928815
1473508800000,436.450418543,3.17094681834
1473595200000,436.336872274,3.02473883347
1473681600000,423.872292795,3.03213782512
1473768000000,425.480149943,3.02908186847
1473854400000,427.138063255,2.87619785691
1473940800000,426.869761387,2.9551545261
1474027200000,425.565154884,2.92069656225
1474113600000,424.442096429,2.9342340534
1474200000000,426.007632721,2.90577602845
1474286400000,426.144745454,2.97144529702
1474372800000,425.981458868,2.93285055783
1474459200000,418.048031353,2.89799583161
1474545600000,417.873157545,2.91669151345
1474632000000,419.302661776,2.97270176368
1474718400000,422.393571777,2.96665818865
1474804800000,421.730126937,2.99343861327
1474891200000,423.838975206,2.95268763746
1474977600000,423.30217612,2.98858149882
1475064000000,423.202484337,2.98271087574
1475150400000,423.822071219,2.92811467478
1475236800000,423.844151586,2.87370210073
1475323200000,428.669017637,2.79006727692
1475409600000,428.050203182,2.8162611074
1475496000000,427.909559039,2.79568316824
1475582400000,426.904747562,2.70646384233
1475668800000,427.251676215,2.57140134856
1475755200000,428.490689489,2.52616001714
1475841600000,431.096589924,2.51470136707
1475928000000,432.751396105,2.50835515021
1476014400000,431.760742904,2.56778697071
1476100800000,431.946902983,2.20321242733
1476187200000,443.688997542,2.06197102504
1476273600000,447.432387987,2.14977847515
1476360000000,445.315721997,2.12639637206
1476446400000,446.571533761,2.05097662406
1476532800000,448.692075238,2.03437631479
1476619200000,449.294495035,1.97711560062
1476705600000,447.926972434,2.00510181047
1476792000000,447.615014642,1.98967280115
1476878400000,443.993454284,1.99030897287
1476964800000,441.329001678,1.97234054468
1477051200000,441.921207364,1.99399183451
1477137600000,445.935122662,2.00949655171
1477224000000,458.159714258,2.00391543567
1477310400000,457.245024207,1.98422055748
1477396800000,459.003312937,1.9696037899
1477483200000,465.061953547,1.97894056339
1477569600000,479.831689709,1.96796305372
1477656000000,481.561894265,1.85936557468
1477742400000,493.224082564,1.84327170045
1477828800000,495.829589566,1.83204472154
1477915200000,489.616115664,1.76761952899
1478001600000,513.399198836,1.64657808998
1478088000000,507.551978867,1.62967112304
1478174400000,517.107116624,1.54511214441
1478260800000,493.431013396,1.52058665325
1478347200000,491.371094922,1.49931223466
1478433600000,498.010669498,1.34329579696
1478520000000,491.410284248,1.341948068
1478606400000,492.550380354,1.35168455062
1478692800000,513.519986854,1.34174043145
1478779200000,501.93104389,1.29777735676
1478865600000,501.230542344,1.27758895193
1478952000000,494.904577047,1.20942748577
1479038400000,486.054922693,1.21053496168
1479124800000,490.747958805,1.20945075214
1479211200000,496.493385811,1.2126576344
1479297600000,499.628117975,1.18253326643
1479384000000,519.390836833,1.14718088086
1479470400000,525.428759361,1.13912384301
1479556800000,523.795233009,1.11418728795
1479643200000,526.273197886,1.10339756686
1479729600000,513.322941826,1.14103666442
1479816000000,518.021253633,1.1205250963
1479902400000,519.515631484,1.16350377415
1479988800000,515.607459084,1.19166267498
1480075200000,515.823756083,1.15741757833
1480161600000,514.316224829,1.13707701351
1480248000000,515.348544005,1.1213707109
1480334400000,515.554078734,1.10542298602
1480420800000,515.228548994,1.10962333299
1480507200000,522.49558716,1.12205312466
1480593600000,526.59131068,1.11130196557
1480680000000,541.271004108,1.09519426478
1480766400000,537.299287463,1.08222722228
1480852800000,538.681392178,1.01324854229
1480939200000,527.12040638,0.977121778027
1481025600000,534.840679739,1.02575614159
1481112000000,535.321895819,1.07117035924
1481198400000,540.702882242,1.0680003654
1481284800000,540.313162923,1.06075192729
1481371200000,542.208124316,1.04237642998
1481457600000,537.712024184,1.04895918499
1481544000000,546.131881187,1.05496065573
1481630400000,546.648979114,1.05806805667
1481716800000,546.669058035,1.06491772488
1481803200000,545.274438218,1.05344578242
1481889600000,547.516547495,1.04434711674
1481976000000,552.902370242,1.0605200579
1482062400000,553.33388434,1.08155684531
1482148800000,554.673098585,1.08661860618
1482235200000,554.583652543,1.07745375432
1482321600000,565.590848331,1.05518826273
1482408000000,604.479997676,1.08657000602
1482494400000,636.79180927,1.09729988846
1482580800000,630.245281334,1.07738993373
1482667200000,609.210432123,1.04129445735
1482753600000,627.903769771,1.05941740338
1482840000000,645.322065894,1.12447646324
1482926400000,669.363820431,1.14521569495
1483012800000,681.816635647,1.15441917264
1483099200000,659.987645046,1.14792635802
1483185600000,664.726684814,1.17521833764
1483272000000,681.539337031,1.19575094816
1483358400000,718.398431535,1.26260624062
1483444800000,719.365046021,1.38753949098
1483531200000,760.358533317,1.41501838283
1483617600000,776.92363811,1.18403769079
1483704000000,623.71650786,1.14700852216
1483790400000,615.883023981,1.18335361987
1483876800000,641.985190147,1.16609927361
1483963200000,632.690270412,1.18609804845
1484049600000,634.235887384,1.0909405329
1484136000000,582.698979066,1.02100009424
1484222400000,534.06134559,1.05548977849
1484308800000,560.592518107,1.06470435883
1484395200000,581.487772225,1.05442011957
1484481600000,573.33708732,1.01326500588
1484568000000,576.229428119,1.0694673853
1484654400000,617.206365623,1.11017950412
1484740800000,630.453333187,1.08602900105
1484827200000,622.016057029,1.10026579775
1484913600000,622.467850251,1.06161231548
1485000000000,645.481314553,1.07821461291
1485086400000,650.461570973,1.06179987029
1485172800000,646.190319344,1.05060544902
1485259200000,635.736848007,1.0453469587
1485345600000,628.595077247,1.05580507636
1485432000000,633.842308523,1.06927097057
1485518400000,643.8218139,1.01185226211
1485604800000,644.973347599,1.01590970533
1485691200000,645.394528907,1.04938551724
1485777600000,644.196853468,1.02819495587
1485864000000,656.34441974,1.07986156449
1485950400000,682.075394425,1.05699975921
1486036800000,695.409352753,1.04488578982
1486123200000,712.686500817,1.04215884137
1486209600000,715.842709803,1.04159997153
1486296000000,724.652249083,1.02754152966
1486382400000,726.945555034,1.03632172271
1486468800000,740.14674364,1.01876152003
1486555200000,734.089436771,1.00643858518
1486641600000,752.051194359,0.9607494483
1486728000000,679.686768129,0.961187232452
1486814400000,700.13902806,0.961430638715
1486900800000,700.267549037,0.949773838922
1486987200000,693.014653217,0.982267673422
1487073600000,701.330094735,1.01708206026
1487160000000,701.49144849,1.03147725105
1487246400000,711.75359434,1.03486514549
1487332800000,723.593819452,1.04316512386
1487419200000,738.887241899,1.06602643471
1487505600000,736.535443798,1.07728830559
1487592000000,737.415199534,1.02781958201
1487678400000,771.107974207,1.0299467124
1487764800000,774.337322633,1.03495673343
1487851200000,793.833419321,1.02706779327
1487937600000,809.207667803,1.03267989745
1488024000000,818.897745902,1.04116625277
1488110400000,811.577712869,1.02570787501
1488196800000,819.279595836,1.05078430803
1488283200000,822.333206517,1.07808274884
1488369600000,831.775537941,1.16770122206
1488456000000,857.091111691,1.19804401829
1488542400000,893.195482398,1.22292253422
1488628800000,889.823376895,1.17611984415
1488715200000,872.68819865,1.20094090887
1488801600000,891.076036578,1.15649348745
1488888000000,850.522803863,1.14851398269
1488974400000,844.593314489,1.12363188972
1489060800000,815.056042457,1.13226668734
1489147200000,834.834276492,1.13896503845
1489233600000,825.955305461,1.21816172517
1489320000000,825.039427565,1.31287523745
1489406400000,859.380450427,1.33066248286
1489492800000,861.92517407,1.35054409149
1489579200000,872.839795518,1.47002076772
1489665600000,859.758667154,1.45275032114
1489752000000,807.705060727,1.39891344875
1489838400000,768.470054938,1.32748983332
1489924800000,701.643152764,1.36579109247
1490011200000,739.876244787,1.37105772309
1490097600000,763.480103099,1.33227249092
1490184000000,753.164972248,1.35812454832
1490270400000,735.837610544,1.35426634322
1490356800000,694.078983263,1.28878779217
1490443200000,639.810172111,1.30583205668
1490529600000,680.528824271,1.31500704514
1490616000000,697.408872645,1.20796122582
1490702400000,742.319605761,1.02943032737
1490788800000,736.130977022,1.00464835697
1490875200000,719.268939047,1.0877303917
1490961600000,727.241350363,1.09263522877
1491048000000,759.297759422,1.16900284211
1491134400000,758.575876969,1.19867296266
1491220800000,792.874331857,1.12499017615
1491307200000,797.453565351,1.1720323029
1491393600000,785.017507276,1.1332753121
1491480000000,811.98312384,1.09373484767
1491566400000,820.980708191,1.1273842784
1491652800000,823.76133342,1.09513310934
1491739200000,819.490281001,1.07395856701
1491825600000,830.82772693,1.0622014482
1491912000000,835.980242314,1.04650190683
1491998400000,839.107226106,1.07931154316
1492084800000,830.237404264,0.807770624752
1492171200000,812.520541268,0.833898552081
1492257600000,829.154846623,0.83834080172
1492344000000,825.775007119,0.83422052722
1492430400000,821.016415051,0.817833524846
1492516800000,848.773563356,0.810472684284
1492603200000,845.407658464,0.800719976016
1492689600000,850.776929539,0.796038833396
1492776000000,860.613725042,0.811502934934
1492862400000,854.776166995,0.815772324139
1492948800000,854.535805468,0.832652350001
1493035200000,856.255964137,0.852629288613
1493121600000,882.214223876,0.870136882098
1493208000000,892.036312761,0.899436978018
1493294400000,905.766014333,0.916696036911
1493380800000,908.029065916,1.00205663608
1493467200000,921.326395496,1.0377464669
1493553600000,921.295870058,1.11285564019
1493640000000,957.077689995,1.0302440771
1493726400000,1026.74945333,1.07908550584
1493812800000,1025.46299189,1.19633673835
1493899200000,1077.17517877,1.36234484627
1493985600000,1119.50309244,1.35759538973
1494072000000,1100.33705179,1.52611583998
1494158400000,1099.88902219,1.73934150062
1494244800000,1157.87257689,1.55672763619
1494331200000,1280.32124313,1.6605877443
1494417600000,1215.05943696,1.61479799644
1494504000000,1298.74571182,1.68543333187
1494590400000,1286.92629663,1.64526380788
1494676800000,1228.78946309,1.6550695914
1494763200000,1262.35662734,1.62789996708
1494849600000,1236.64891325,1.63663662893
1494936000000,1220.08486582,1.68209437734
1495022400000,1273.36982706,1.7508810538
1495108800000,1282.2713506,1.87461586735
1495195200000,1361.35904587,1.94930537495
1495281600000,1387.98214803,2.16403831668
1495368000000,1474.9581283,2.24645206235
1495454400000,1549.63144786,2.35725097896
1495540800000,1579.79958073,2.67435934609
1495627200000,1706.4452845,2.56710249665
1495713600000,1884.60683215,2.42738784973
1495800000000,1765.39336814,1.61088514516
1495886400000,1401.55566077,1.89231028254
1495972800000,1546.75393151,1.86295557958
1496059200000,1540.04716975,1.99242468922
1496145600000,1602.5499409,1.9691915009
1496232000000,1553.14545858,2.13152469783
1496318400000,1698.07767194,2.16873474617
1496404800000,1695.1375171,2.24388232883
1496491200000,1751.91038261,2.36671190075
1496577600000,1764.38248762,2.48184201037
1496664000000,1803.38923548,2.55887150881
1496750400000,1994.91876857,2.56589572658
1496836800000,1983.79263574,2.51977685633
1496923200000,1940.14956753,2.58857210526
1497009600000,1969.11474454,2.73892550454
1497096000000,1959.0162921,2.73305061535
1497182400000,2002.89905426,2.62903937127
1497268800000,1918.50873364,2.67391311115
1497355200000,1894.97013042,2.75774727238
1497441600000,1922.92341985,2.23651412887
1497528000000,1646.06150858,2.41029990857
1497614400000,1729.54462552,2.56483671522
1497700800000,1815.40875617,2.62427590617
1497787200000,1811.48311758,2.72869067717
1497873600000,1791.58793959,2.96614824595
1497960000000,1829.92608814,2.77431669705
1498046400000,1915.32577052,2.69654291697
1498132800000,1885.22680534,2.79281555575
1498219200000,1919.61447487,2.77155809382
1498305600000,1923.80420953,2.66057423365
1498392000000,1865.12191644,2.32655541815
1498478400000,1777.67701699,2.11986803874
1498564800000,1694.0383949,2.28809764651
1498651200000,1769.87935181,2.29819794677
1498737600000,1773.05150013,2.32026150182
1498824000000,1787.88447817,2.10086541042
1498910400000,1755.02947544,1.96254791653
1498996800000,1710.51677501,2.05243725015
1499083200000,1762.59723039,2.1095824212
1499169600000,1829.23937307,1.97948324678
1499256000000,1784.47477218,2.02820001912
1499342400000,1812.48368241,1.89508987884
1499428800000,1783.07174083,1.72182659046
1499515200000,1753.74713599,1.81415210654
1499601600000,1807.41414733,1.69850529227
1499688000000,1758.32020199,1.44709561549
1499774400000,1653.69939737,1.48162108677
1499860800000,1644.5419507,1.55272009511
1499947200000,1678.40143413,1.48122165869
1500033600000,1638.5338574,1.25460152871
1500120000000,1444.36661224,1.04772050081
1500206400000,1320.89313057,1.14998543573
1500292800000,1409.72226354,1.29224135878
1500379200000,1605.19573666,1.37436599484
1500465600000,1645.66421982,1.35789381276
1500552000000,1704.63525528,1.4594198186
1500638400000,1911.62635471,1.51088822144
1500724800000,1972.77287111,1.44022669833
1500811200000,1870.29901117,1.49342561061
1500897600000,1920.53887451,1.31105978049
1500984000000,1808.2541675,1.31524384789
1501070400000,1780.32915394,1.33324842296
1501156800000,1811.11114685,1.31201668265
1501243200000,1983.56931594,1.22667620723
1501329600000,1883.20356889,1.27830603287
1501416000000,1871.16584589,1.259734692
1501502400000,1957.41184013,1.28878551909
1501588800000,1974.26314616,1.35332257372
1501675200000,1887.70231448,1.31687036708
1501761600000,1926.85940339,1.30374568151
1501848000000,2004.88684637,1.34963286236
1501934400000,2203.82206361,1.37115415581
1502020800000,2225.11225525,1.43777758949
1502107200000,2332.65851193,1.47948207023
1502193600000,2419.44631472,1.47985855918
1502280000000,2314.70717869,1.5290816111
1502366400000,2371.16295075,1.6474715396
1502452800000,2438.3537001,1.6830889954
1502539200000,2637.27758364,1.67188247309
1502625600000,2788.15732146,1.73168719105
1502712000000,2913.65613304,1.63740448002
1502798400000,2918.28953413,1.67510666185
1502884800000,2873.72817225,1.72964475977
1502971200000,3107.63151678,1.71525525271
1503057600000,3024.86400303,1.64401302846
1503144000000,2791.81372587,1.72498443508
1503230400000,2878.14875472,1.68043995455
1503316800000,2842.26973512,1.68008120066
1503403200000,2746.27136813,1.82299069894
1503489600000,2963.19867818,1.78667485595
1503576000000,2930.48791388,1.75964804931
1503662400000,3046.75084668,1.80711887091
1503748800000,3025.72482598,1.82751288289
1503835200000,3045.58515229,1.84546418929
1503921600000,3021.49824222,1.85272281531
1504008000000,3069.00107441,1.80352206287
1504094400000,3157.82535362,1.88944060138
1504180800000,3256.54590289,1.96794230707
1504267200000,3345.06708969,1.90384321402
1504353600000,3274.51012781,1.78863149912
1504440000000,3183.07440824,1.51942461673
1504526400000,3024.35678731,1.54307432603
1504612800000,2995.56678366,1.65061695409
1504699200000,3182.30987901,1.72028087981
1504785600000,3204.46370793,1.73913369859
1504872000000,3225.67503564,1.50081644728
1504958400000,2977.4130765,1.37869728906
1505044800000,2838.62824574,1.42743501946
1505131200000,2890.8207908,1.51585599981
1505217600000,3011.7755302,1.27496674977
1505304000000,2693.29922944,1.09469537565
1505390400000,2468.66579567,0.800877192208
1505476800000,2080.73218055,0.996947206465
1505563200000,2511.41084282,0.967332589188
1505649600000,2458.19278433,1.08004186561
1505736000000,2699.39681115,1.08677908775
1505822400000,2790.76779075,1.05707208875
1505908800000,2744.06622611,1.03834675107
1505995200000,2708.28595121,0.921764578679
1506081600000,2501.32824695,0.996851583236
1506168000000,2662.47375621,0.967699807716
1506254400000,2590.61944365,0.990203890781
1506340800000,2635.85417694,1.03534564938
1506427200000,2766.77729684,1.06487185369
1506513600000,2845.76890745,1.07870166394
1506600000000,2927.47125606,1.07738421192
1506686400000,2932.28244555,1.0895180769
1506772800000,2995.47392488,1.10303987261
1506859200000,3018.66462359,1.11124073504
1506945600000,3085.995894,1.05778293142
1507032000000,3017.77805984,1.05138352691
1507118400000,2986.21011114,1.02680000201
1507204800000,2977.5820075,1.06701913295
1507291200000,3079.47157861,1.04844956232
1507377600000,3027.48747312,1.06728792231
1507464000000,3115.53615538,1.03830581795
1507550400000,3216.11739852,1.02497567497
1507636800000,3365.54454214,1.03824707012
1507723200000,3362.58586037,1.04894485674
1507809600000,3631.98929416,1.07921917446
1507896000000,3966.94057834,1.10454931446
1507982400000,4000.1542079,1.02594834945
1508068800000,3836.74464442,1.07302066928
1508155200000,3995.75297589,1.04149215756
1508241600000,3969.23930838,0.967799023846
1508328000000,3714.78842487,0.986026910805
1508414400000,3983.33552515,0.964068112059
1508500800000,3950.62825575,0.941952077571
1508587200000,4297.57281579,0.938400602342
1508673600000,4085.74117065,0.914943109541
1508760000000,4145.98084661,0.97358944874
1508846400000,3999.36539428,0.930012885526
1508932800000,3884.6743288,0.955336597884
1509019200000,4115.68832938,0.945210055121
1509105600000,4094.7754576,0.932515929661
1509192000000,3995.33635549,0.959299686124
1509278400000,4059.39103828,0.979937702291
1509364800000,4312.21437593,0.979937702291
