timestamp,bitcoin,"market_cap-weighted (max_weight=0.1, min_volume=1000000, min_liquidity=0.0)"
1367236800000,100.0,100
1367323200000,101.188965061,100.0
1367409600000,93.0062213631,100.0
1367496000000,79.5328829689,100.0
1367582400000,58.4197214614,100.0
1367668800000,71.4429817231,100.0
1367755200000,77.4576161146,100.0
1367841600000,85.8364678071,100.0
1367928000000,75.7828470397,100.0
1368014400000,78.7451446516,100.0
1368100800000,78.1855565624,100.0
1368187200000,82.049766214,100.0
1368273600000,82.4872862653,100.0
1368360000000,80.5669154024,100.0
1368446400000,82.3818443333,100.0
1368532800000,83.1935119677,100.0
1368619200000,79.3171755633,100.0
1368705600000,80.069867789,100.0
1368792000000,83.1270963061,100.0
1368878400000,86.168905003,100.0
1368964800000,86.7596583757,100.0
1369051200000,85.6642923396,100.0
1369137600000,85.1454263865,100.0
1369224000000,86.3046944778,100.0
1369310400000,87.1471587386,100.0
1369396800000,89.4973113162,100.0
1369483200000,90.2993547832,100.0
1369569600000,93.1282041773,100.0
1369656000000,93.9925539315,100.0
1369742400000,90.1849077184,100.0
1369828800000,90.2237992826,100.0
1369915200000,91.3758670788,100.0
1370001600000,89.9767746146,100.0
1370088000000,90.0344676536,100.0
1370174400000,85.6735580666,100.0
1370260800000,83.2018700172,100.0
1370347200000,84.8462492836,100.0
1370433600000,84.2442173183,100.0
1370520000000,84.5370873143,100.0
1370606400000,79.7182773702,100.0
1370692800000,75.4535636874,100.0
1370779200000,65.0127650673,100.0
1370865600000,73.4386900379,100.0
1370952000000,74.5445169959,100.0
1371038400000,77.0997605398,100.0
1371124800000,76.1130969716,100.0
1371211200000,72.0832555117,100.0
1371297600000,71.9061515306,100.0
1371384000000,70.4817633588,100.0
1371470400000,71.0030046037,100.0
1371556800000,73.931881885,100.0
1371643200000,75.5248824641,100.0
1371729600000,77.6669636721,100.0
1371816000000,76.8047607693,100.0
1371902400000,75.7353775102,100.0
1371988800000,75.2036845881,100.0
1372075200000,72.6601835735,100.0
1372161600000,73.0582908303,100.0
1372248000000,72.1138326908,100.0
1372334400000,72.0185764572,100.0
1372420800000,67.5979778677,100.0
1372507200000,68.5800882226,100.0
1372593600000,67.4066819885,100.0
1372680000000,66.1498987213,100.0
1372766400000,64.0897885335,100.0
1372852800000,61.7388354391,100.0
1372939200000,57.0545259149,100.0
1373025600000,52.0902968391,100.0
1373112000000,49.0868443362,100.0
1373198400000,48.1267012578,100.0
1373284800000,53.2737864011,100.0
1373371200000,52.4236220064,100.0
1373457600000,53.970997649,100.0
1373544000000,60.0983215543,100.0
1373630400000,68.6853242667,100.0
1373716800000,64.5592498607,100.0
1373803200000,67.169331292,100.0
1373889600000,68.414995365,100.0
1373976000000,68.6115489674,100.0
1374062400000,68.339014543,100.0
1374148800000,61.6301775446,100.0
1374235200000,63.0726105345,100.0
1374321600000,64.0256227792,100.0
1374408000000,62.6895697275,100.0
1374494400000,64.1437574076,100.0
1374580800000,64.9168822188,100.0
1374667200000,65.5153968162,100.0
1374753600000,67.1576901682,100.0
1374840000000,67.231183139,100.0
1374926400000,65.6326177251,100.0
1375012800000,66.9497544488,100.0
1375099200000,71.3351348769,100.0
1375185600000,71.3221045863,100.0
1375272000000,76.2751543491,100.0
1375358400000,74.9113791861,100.0
1375444800000,74.5275841979,100.0
1375531200000,72.3113174882,100.0
1375617600000,72.968898648,100.0
1375704000000,73.8565859086,100.0
1375790400000,74.1890347549,100.0
1375876800000,74.650291585,100.0
1375963200000,72.9865315574,100.0
1376049600000,72.2609330798,100.0
1376136000000,71.8631969766,100.0
1376222400000,72.7202231562,100.0
1376308800000,72.8388804065,100.0
1376395200000,74.3361358433,100.0
1376481600000,78.4411907412,100.0
1376568000000,77.6648489604,100.0
1376654400000,77.6641822197,100.0
1376740800000,76.2646889306,100.0
1376827200000,79.5244525209,100.0
1376913600000,83.4975275634,100.0
1377000000000,84.4824035946,100.0
1377086400000,85.1771753968,100.0
1377172800000,85.7162801593,100.0
1377259200000,83.6611186809,100.0
1377345600000,83.0077054409,100.0
1377432000000,84.7817095506,100.0
1377518400000,84.9999338843,100.0
1377604800000,87.4610430819,100.0
1377691200000,86.1908707692,100.0
1377777600000,85.765341212,100.0
1377864000000,84.6503458975,100.0
1377950400000,95.2514099803,100.0
1378036800000,96.1732896059,100.0
1378123200000,96.9006550052,100.0
1378209600000,93.0821653599,100.0
1378296000000,95.6651926165,100.0
1378382400000,86.9234133532,100.0
1378468800000,87.9017345992,100.0
1378555200000,86.5776435173,100.0
1378641600000,85.9160170878,100.0
1378728000000,84.4130967324,100.0
1378814400000,89.5859148067,100.0
1378900800000,89.2172344082,100.0
1378987200000,92.734830742,100.0
1379073600000,94.8034313008,100.0
1379160000000,92.6689333597,100.0
1379246400000,91.5578093079,100.0
1379332800000,92.3865459639,100.0
1379419200000,92.1307752678,100.0
1379505600000,92.7371928241,100.0
1379592000000,91.2266933976,100.0
1379678400000,90.1176312952,100.0
1379764800000,89.702478786,100.0
1379851200000,89.6782907768,100.0
1379937600000,88.5035053619,100.0
1380024000000,88.8222619112,100.0
1380110400000,90.6249178517,100.0
1380196800000,89.6932324855,100.0
1380283200000,92.3050874888,100.0
1380369600000,93.1077941302,100.0
1380456000000,97.7104010886,100.0
1380542400000,92.5197804058,100.0
1380628800000,93.2772727396,100.0
1380715200000,92.708267378,100.0
1380801600000,82.2678512262,100.0
1380888000000,89.4844622912,100.0
1380974400000,91.0387991032,100.0
1381060800000,88.6949629473,100.0
1381147200000,89.8629384933,100.0
1381233600000,87.7710138198,100.0
1381320000000,89.4941702976,100.0
1381406400000,91.4077336484,100.0
1381492800000,91.1810841953,100.0
1381579200000,93.5921882709,100.0
1381665600000,94.4646727112,100.0
1381752000000,99.7603031305,100.0
1381838400000,97.5359769725,100.0
1381924800000,104.867471347,100.0
1382011200000,101.245464654,100.0
1382097600000,104.496235733,100.0
1382184000000,120.380163903,100.0
1382270400000,119.931057875,100.0
1382356800000,128.544265546,100.0
1382443200000,137.124709571,100.0
1382529600000,138.772546086,100.0
1382616000000,139.243405993,100.0
1382702400000,125.135598078,100.0
1382788800000,128.071263319,100.0
1382875200000,128.213591027,100.0
1382961600000,138.245075063,100.0
1383048000000,140.376168979,100.0
1383134400000,143.862832931,100.0
1383220800000,141.255684896,100.0
1383307200000,142.948845306,100.0
1383393600000,144.712148508,100.0
1383480000000,143.261998266,100.0
1383566400000,152.773174392,100.0
1383652800000,165.805139094,100.0
1383739200000,179.311049337,100.0
1383825600000,205.520326315,100.0
1383912000000,221.821684887,100.0
1383998400000,248.643746639,100.0
1384084800000,222.659350417,100.0
1384171200000,229.642557111,100.0
1384257600000,248.381201214,100.0
1384344000000,265.388635838,100.0
1384430400000,295.637314722,100.0
1384516800000,301.716303504,100.0
1384603200000,312.964450412,100.0
1384689600000,334.185629724,100.0
1384776000000,387.717644547,100.0
1384862400000,422.88168137,100.0
1384948800000,327.181004249,100.0
1385035200000,448.24885103,100.0
1385121600000,506.766288031,100.0
1385208000000,576.902699288,100.0
1385294400000,530.580248018,100.0
1385380800000,562.858878428,100.0
1385467200000,582.501740946,100.0
1385553600000,636.661664847,100.0
1385640000000,716.548156443,100.0
1385726400000,767.286551103,100.0
1385812800000,789.643769216,100.0
1385899200000,718.491072834,100.0
1385985600000,681.467480233,100.0
1386072000000,757.422452852,100.0
1386158400000,785.638938247,100.0
1386244800000,654.829257555,100.0
1386331200000,710.140233994,100.0
1386417600000,549.048353044,100.0
1386504000000,528.488368218,100.0
1386590400000,622.884954507,100.0
1386676800000,644.550367138,100.0
1386763200000,617.121967535,100.0
1386849600000,602.62963308,100.0
1386936000000,634.241014052,100.0
1387022400000,611.340151592,100.0
1387108800000,584.309729218,100.0
1387195200000,576.567539094,100.0
1387281600000,495.632326215,100.0
1387368000000,349.272976765,100.0
1387454400000,465.302613989,100.0
1387540800000,480.693943989,100.0
1387627200000,427.82630281,100.0
1387713600000,451.745390653,100.0
1387800000000,445.557495809,100.0
1387886400000,459.710507583,100.0
1387972800000,467.370009423,100.0
1388059200000,500.174383718,100.0
1388145600000,531.469121522,107.80438468
1388232000000,520.936898875,109.572612076
1388318400000,507.050095111,105.93782891
1388404800000,528.428306923,113.023348281
1388491200000,526.486479566,114.462920098
1388577600000,537.915665508,121.326211319
1388664000000,539.908080434,133.512129213
1388750400000,573.833244409,150.873106579
1388836800000,575.93059989,144.233962994
1388923200000,606.495604395,153.092870985
1389009600000,694.16445156,174.842817074
1389096000000,645.089870592,158.535645366
1389182400000,602.454076846,138.335491918
1389268800000,586.078182472,133.707322356
1389355200000,585.488013896,132.84611231
1389441600000,637.3661709,152.596214504
1389528000000,605.76410795,141.273064621
1389614400000,583.198477586,133.547179372
1389700800000,586.363118111,133.744089922
1389787200000,602.324935276,153.816533562
1389873600000,595.969093548,151.05412883
1389960000000,579.255369171,144.516033831
1390046400000,586.274602249,152.360586634
1390132800000,583.129111305,165.640855297
1390219200000,613.025384833,190.777409088
1390305600000,604.07999633,227.238459217
1390392000000,588.83598332,227.762427957
1390478400000,588.95777033,220.262206156
1390564800000,555.830725391,200.943437249
1390651200000,574.284236359,218.683779621
1390737600000,602.009698437,236.116101646
1390824000000,606.649800079,232.740663623
1390910400000,567.003928623,207.964912909
1390996800000,573.092530146,209.053632336
1391083200000,564.736266247,209.998070415
1391169600000,574.499335576,218.900836935
1391256000000,590.147926502,232.716518318
1391342400000,584.443162828,227.345856418
1391428800000,569.808805253,213.720534153
1391515200000,581.034948206,231.4235107
1391601600000,580.316539059,289.879577498
1391688000000,561.770240638,269.231113135
1391774400000,497.086280015,232.090456243
1391860800000,496.593677447,233.058392939
1391947200000,484.142987677,232.097923977
1392033600000,436.152154922,207.62757004
1392120000000,495.628541729,256.960922925
1392206400000,459.557448073,241.634110904
1392292800000,454.156350169,234.860804795
1392379200000,439.697952954,262.594847651
1392465600000,449.905990377,271.91321139
1392552000000,450.05501124,252.985718605
1392638400000,452.388732943,243.646083473
1392724800000,440.47066257,225.750797932
1392811200000,433.563537117,226.959553817
1392897600000,415.609332698,196.825799357
1392984000000,401.174513128,186.881402798
1393070400000,397.398090269,183.216714261
1393156800000,435.202354535,203.867487868
1393243200000,407.821391909,234.852286763
1393329600000,353.262132417,193.634657733
1393416000000,402.60495061,217.87740238
1393502400000,400.591514358,220.388233745
1393588800000,394.238496768,213.517945876
1393675200000,389.215141053,207.118862273
1393761600000,397.624477037,209.067271052
1393848000000,413.743977358,246.52043878
1393934400000,478.994157339,321.650786467
1394020800000,460.238916669,301.214732035
1394107200000,462.575180208,306.868821802
1394193600000,446.453816314,287.273102163
1394280000000,435.564803511,272.31941151
1394366400000,434.702113693,268.339135012
1394452800000,439.651359654,274.170579293
1394539200000,439.512230007,258.8329843
1394625600000,444.201729877,282.189029988
1394712000000,449.218609401,282.744989055
1394798400000,442.706166915,278.170738766
1394884800000,442.933315144,278.402326576
1394971200000,443.107658442,284.912349657
1395057600000,432.388282164,271.178278149
1395144000000,426.637094721,271.856031942
1395230400000,429.447289892,278.649512657
1395316800000,415.191175107,253.802008327
1395403200000,398.909181555,237.683679305
1395489600000,392.627152252,257.466304663
1395576000000,393.908907143,259.104071965
1395662400000,395.308279929,266.384754295
1395748800000,402.681783131,275.387548782
1395835200000,408.477166189,284.970446789
1395921600000,389.188548871,259.411173065
1396008000000,350.788729474,219.39652824
1396094400000,349.084224842,217.588877818
1396180800000,332.83384523,212.260142881
1396267200000,314.228961485,194.228691914
1396353600000,340.309353982,214.697975523
1396440000000,342.772875884,214.57657982
1396526400000,302.83384546,162.826945008
1396612800000,315.172213695,171.847364364
1396699200000,314.103639128,168.736399883
1396785600000,317.433816803,174.553157804
1396872000000,320.322345305,178.787748902
1396958400000,315.210875252,172.058203771
1397044800000,315.496042087,171.684455714
1397131200000,286.556961428,146.307835849
1397217600000,290.024068116,150.174042427
1397304000000,297.925684348,158.846373877
1397390400000,290.942914332,195.380896503
1397476800000,324.279080751,254.1002112
1397563200000,349.729403186,286.09116794
1397649600000,361.006540295,288.182972243
1397736000000,343.832206528,300.639721363
1397822400000,337.06617605,306.085816453
1397908800000,346.745783793,329.760927778
1397995200000,352.319757031,329.416749339
1398081600000,349.225257117,317.075493017
1398168000000,346.392129467,283.909435647
1398254400000,343.261537196,283.235623093
1398340800000,341.887100034,284.100781804
1398427200000,312.151444136,232.434077148
1398513600000,316.048270098,272.226540355
1398600000000,318.204334113,252.405802816
1398686400000,303.135086666,231.209154992
1398772800000,314.348032077,248.345754723
1398859200000,311.206726766,250.983522492
1398945600000,315.609614649,255.403468694
1399032000000,311.458574283,246.866442487
1399118400000,309.266958351,243.953815326
1399204800000,302.378799765,236.05111291
1399291200000,302.954925876,236.127936705
1399377600000,301.148712155,236.816108027
1399464000000,306.26499577,241.890524021
1399550400000,309.851146708,245.946133223
1399636800000,310.585246766,247.014240967
1399723200000,315.478285849,252.046942674
1399809600000,312.825964982,247.434019486
1399896000000,306.95767456,240.598242768
1399982400000,305.756628033,239.819144151
1400068800000,310.244660094,244.297217802
1400155200000,314.367472517,283.681146778
1400241600000,314.557265446,309.932330853
1400328000000,315.476143438,298.372693963
1400414400000,313.262416181,275.425259829
1400500800000,310.133919838,305.327806532
1400587200000,319.051897572,304.923966431
1400673600000,343.991124041,331.231629696
1400760000000,355.128444714,336.063583418
1400846400000,374.426994738,344.168553607
1400932800000,362.791950151,366.110106848
1401019200000,395.337912626,403.615992803
1401105600000,405.574342217,404.230368091
1401192000000,393.776694918,400.932449875
1401278400000,400.981510929,475.465005649
1401364800000,394.46215107,420.217889304
1401451200000,413.241095218,447.227489065
1401537600000,432.057659372,472.295004518
1401624000000,450.30448099,486.003926482
1401710400000,437.530213493,502.404458797
1401796800000,459.767726014,514.194206368
1401883200000,445.050458021,470.842986363
1401969600000,455.720930246,461.959843025
1402056000000,459.85879188,449.513085549
1402142400000,458.160075964,444.913590632
1402228800000,459.313794612,527.141578234
1402315200000,454.226616387,448.163498816
1402401600000,458.534763945,498.938247584
1402488000000,448.735110358,494.881326797
1402574400000,444.501177952,500.659717413
1402660800000,428.386073983,470.323195777
1402747200000,406.929882386,438.946212735
1402833600000,395.788122605,420.225184777
1402920000000,422.524093081,450.045366827
1403006400000,420.234074233,443.454282891
1403092800000,428.178767445,593.983638029
1403179200000,424.146110827,587.518688101
1403265600000,414.624027779,580.52165746
1403352000000,417.834966736,437.563727996
1403438400000,423.01253624,445.165301156
1403524800000,412.903707767,430.26791029
1403611200000,416.90444453,435.308712395
1403697600000,396.098459231,454.580721588
1403784000000,402.126846339,469.035781358
1403870400000,409.557226475,477.236720165
1403956800000,421.764410735,560.265719894
1404043200000,418.456429476,550.554434352
1404129600000,438.710852987,573.499296484
1404216000000,455.646761387,584.164635103
1404302400000,451.661770256,536.50619179
1404388800000,454.740178561,525.326634807
1404475200000,442.044548003,503.810184995
1404561600000,442.145188687,485.551097286
1404648000000,443.001691433,476.280815345
1404734400000,438.602892183,488.165016286
1404820800000,435.713023172,452.770471883
1404907200000,436.087492965,459.707956916
1404993600000,429.940924319,713.976442196
1405080000000,436.298262032,457.056237809
1405166400000,441.217558905,463.507451313
1405252800000,441.657278842,490.905492404
1405339200000,434.251841232,472.602118388
1405425600000,435.362598424,473.760892833
1405512000000,431.964559109,464.312013264
1405598400000,427.976450323,458.826085897
1405684800000,434.128271559,476.273238458
1405771200000,438.170428408,477.439562486
1405857600000,437.649729512,472.883057211
1405944000000,433.834068144,469.571329067
1406030400000,435.924202421,475.140282663
1406116800000,435.935977929,472.19315442
1406203200000,425.843864569,455.307451415
1406289600000,419.570676337,433.138269473
1406376000000,417.24195984,426.328749045
1406462400000,417.177810701,430.178382819
1406548800000,406.060243594,413.187598972
1406635200000,408.928399873,418.193927186
1406721600000,402.670922223,404.592342388
1406808000000,399.342766301,397.097021448
1406894400000,412.630867854,421.81503469
1406980800000,412.177395011,419.658695473
1407067200000,408.450964343,412.036049904
1407153600000,409.896091428,410.57962542
1407240000000,410.46620753,407.110746726
1407326400000,407.862200234,400.834814737
1407412800000,409.782105503,396.509551096
1407499200000,413.677953284,403.168177826
1407585600000,411.66765182,398.176211584
1407672000000,415.258837837,405.093072278
1407758400000,411.385507515,393.753210459
1407844800000,398.039457294,345.257540837
1407931200000,384.774805605,319.225151592
1408017600000,359.641165483,299.392783558
1408104000000,354.772078362,290.473828258
1408190400000,348.791010748,283.369993932
1408276800000,347.008774372,277.711690611
1408363200000,321.253176692,221.874678933
1408449600000,332.741826372,238.524673016
1408536000000,335.805379828,261.041409136
1408622400000,361.649788627,304.214028085
1408708800000,354.646204334,353.443526819
1408795200000,353.716508085,333.750805306
1408881600000,350.430636515,347.32479611
1408968000000,350.896183936,368.330151602
1409054400000,356.622706293,431.185328566
1409140800000,360.974171439,407.588358799
1409227200000,355.489700181,384.527671663
1409313600000,353.926344754,339.802090403
1409400000000,352.907697525,362.381262264
1409486400000,343.684814258,351.214997781
1409572800000,336.719924571,340.805811752
1409659200000,333.864029352,329.018458181
1409745600000,334.522164043,333.889936183
1409832000000,336.223141741,353.573418575
1409918400000,341.407358449,357.381151276
1410004800000,339.466915441,383.030438844
1410091200000,340.704024031,383.183954695
1410177600000,328.371912414,362.343595315
1410264000000,329.34296061,381.288738576
1410350400000,337.056800763,398.016419838
1410436800000,333.93774363,397.077597198
1410523200000,332.516524575,394.232650201
1410609600000,334.793166161,401.255794628
1410696000000,333.337363097,431.969754194
1410782400000,332.284808685,452.991521366
1410868800000,331.074148074,445.698711636
1410955200000,323.774853053,437.810779991
1411041600000,312.683952589,503.502815673
1411128000000,275.670554805,395.990494957
1411214400000,293.82914208,432.049262153
1411300800000,277.576707169,421.991109796
1411387200000,282.189011274,433.87570494
1411473600000,278.31076464,422.773163963
1411560000000,298.21829291,427.799157941
1411646400000,287.573263358,426.066576912
1411732800000,280.398767135,439.553028057
1411819200000,283.707058582,442.331061474
1411905600000,277.310656096,420.329365413
1411992000000,263.789538403,401.789485631
1412078400000,266.392128456,408.360076721
1412164800000,267.757078443,415.862532045
1412251200000,267.123422691,392.243011657
1412337600000,261.929302718,383.146206762
1412424000000,243.37239811,339.241706952
1412510400000,218.693396327,288.061458342
1412596800000,229.764996107,301.696191205
1412683200000,227.330172826,304.398387055
1412769600000,237.041493943,321.714367018
1412856000000,258.595323332,356.596723619
1412942400000,254.657983737,343.650432121
1413028800000,250.152532696,330.354523826
1413115200000,250.369735324,332.201699691
1413201600000,266.401750826,358.611631037
1413288000000,283.046073544,396.630752608
1413374400000,276.90775664,379.971277734
1413460800000,270.163705942,367.977221258
1413547200000,263.056858323,356.853600477
1413633600000,268.897599703,368.587150726
1413720000000,270.849486297,368.018847998
1413806400000,267.214057887,358.99005212
1413892800000,271.458063907,366.742110203
1413979200000,269.830559348,360.643106008
1414065600000,259.879937717,348.035526864
1414152000000,250.469595386,334.633774246
1414238400000,242.819438169,320.073513732
1414324800000,249.067405337,331.86831871
1414411200000,248.647219182,336.45032496
1414497600000,251.46516571,340.223189273
1414584000000,244.109714424,326.275617653
1414670400000,235.788860883,314.09585191
1414756800000,238.087973318,316.891448775
1414843200000,231.316043851,301.180755586
1414929600000,225.283880711,288.665002605
1415016000000,230.113527304,295.51427847
1415102400000,228.418283867,292.805653777
1415188800000,236.407508422,304.598704689
1415275200000,239.68358979,309.545533317
1415361600000,240.077016058,307.886764651
1415448000000,240.566246446,307.017642026
1415534400000,244.908340971,313.704818411
1415620800000,258.648889724,335.295622143
1415707200000,258.076442616,336.753163967
1415793600000,272.595871882,355.552446457
1415880000000,301.656688439,402.057197619
1415966400000,276.215029906,355.076286467
1416052800000,274.844261742,353.205101612
1416139200000,271.958243329,346.864777895
1416225600000,285.662155425,368.913520125
1416312000000,263.393781138,328.245856872
1416398400000,265.931121822,333.110108106
1416484800000,252.141901778,306.400291634
1416571200000,247.342884532,297.136516939
1416657600000,254.22273932,308.597858404
1416744000000,249.866658793,321.841347721
1416830400000,260.059657857,344.19559007
1416916800000,274.595450746,373.578701402
1417003200000,259.475178102,361.323444975
1417089600000,260.957326159,395.074291532
1417176000000,253.841807218,398.709284393
1417262400000,269.043007513,421.142582826
1417348800000,265.370842537,400.148661717
1417435200000,265.3043624,377.567651625
1417521600000,266.648324061,401.764591242
1417608000000,262.337558183,394.917801239
1417694400000,258.083155898,392.227019688
1417780800000,260.565842736,398.730089917
1417867200000,262.08268078,401.262466256
1417953600000,262.455646672,412.28265901
1418040000000,256.334112972,392.704037242
1418126400000,245.096219615,388.994551317
1418212800000,244.627268931,395.750826294
1418299200000,249.392867734,406.514969103
1418385600000,244.621869571,399.35415453
1418472000000,242.987901898,400.734272078
1418558400000,243.867269522,404.343754081
1418644800000,243.090533525,406.681268209
1418731200000,233.549188967,393.640457931
1418817600000,222.472973807,401.918361239
1418904000000,219.624444554,409.145206915
1418990400000,217.517966003,421.603536074
1419076800000,230.039634585,431.33370565
1419163200000,226.621553272,435.882439057
1419249600000,230.145401405,444.236611659
1419336000000,231.602104237,450.610317235
1419422400000,231.635141904,438.512843905
1419508800000,223.204134727,422.454497416
1419595200000,226.308635159,436.907311382
1419681600000,224.029278645,429.715312546
1419768000000,218.689666728,414.251473383
1419854400000,219.865143667,420.212263122
1419940800000,217.1596528,411.869921211
1420027200000,218.123000498,411.363339581
1420113600000,220.771902871,416.419610291
1420200000000,219.86953916,413.008560542
1420286400000,212.957598453,387.41713476
1420372800000,197.580424406,348.725407999
1420459200000,190.405629673,335.71979082
1420545600000,192.086306197,344.268720907
1420632000000,199.631297727,354.70850981
1420718400000,200.848589144,352.378943917
1420804800000,197.946273451,347.878265523
1420891200000,194.851770739,333.36591
1420977600000,192.960273378,327.596290903
1421064000000,188.000891837,309.181460775
1421150400000,160.560714272,252.172705071
1421236800000,135.274084437,209.077977545
1421323200000,147.639453924,227.187637668
1421409600000,149.407966926,235.631386562
1421496000000,138.706932515,210.742763914
1421582400000,148.254780564,227.330461124
1421668800000,147.398861265,226.603740067
1421755200000,146.323608017,223.285539775
1421841600000,148.507868171,229.902508045
1421928000000,162.110150521,250.625428155
1422014400000,158.402546705,245.511745156
1422100800000,164.605292517,260.065135876
1422187200000,171.443047688,292.805551759
1422273600000,209.146772829,334.234176831
1422360000000,177.630901462,283.388319803
1422446400000,181.293876075,293.845742196
1422532800000,156.813171732,261.308281098
1422619200000,162.381308813,268.364315513
1422705600000,159.873707037,263.239433206
1422792000000,149.909780829,230.660146851
1422878400000,157.426069682,247.227888185
1422964800000,169.478686356,260.9919455
1423051200000,159.129208784,237.977744726
1423137600000,157.692353831,234.485265872
1423224000000,151.661156313,234.930244515
1423310400000,160.138430117,247.675787028
1423396800000,159.140730915,244.579979099
1423483200000,153.568078648,227.143905148
1423569600000,151.286556031,236.83347743
1423656000000,153.852358958,244.493303346
1423742400000,152.989096231,242.060357044
1423828800000,164.18817066,264.111466611
1423915200000,172.237333007,277.773786353
1424001600000,177.658803091,292.115654323
1424088000000,162.954272787,256.067724454
1424174400000,167.043926012,263.526219729
1424260800000,169.205307394,268.469383373
1424347200000,166.292125506,263.266468985
1424433600000,169.976480067,269.416904172
1424520000000,170.906667588,271.396918254
1424606400000,170.978180148,271.623992238
1424692800000,162.982265115,254.264394518
1424779200000,166.247594072,260.653311153
1424865600000,165.907143679,259.584657986
1424952000000,165.401953709,258.001367114
1425038400000,176.513864254,271.782676024
1425124800000,177.005852655,272.091378511
1425211200000,175.547944264,267.590657561
1425297600000,181.166531188,269.613805557
1425384000000,191.229560283,275.633882721
1425470400000,195.344611076,268.533553243
1425556800000,188.427813805,271.652839687
1425643200000,189.534487791,271.248443102
1425729600000,190.233511135,272.442572435
1425816000000,191.470868942,269.25803318
1425902400000,195.750440977,276.988071743
1425988800000,205.911065164,288.851761645
1426075200000,204.743200492,286.080658725
1426161600000,204.700858651,285.052861451
1426248000000,203.127735637,284.332660321
1426334400000,198.132354047,275.913390645
1426420800000,198.955064358,277.768394448
1426507200000,204.022964899,286.39358661
1426593600000,203.324554869,285.919829497
1426680000000,188.601097622,261.137757626
1426766400000,180.689132181,246.923031838
1426852800000,181.903743516,248.024813428
1426939200000,181.617122376,246.472317375
1427025600000,182.291391921,248.299028881
1427112000000,187.54021565,258.119016866
1427198400000,178.287778742,238.810006185
1427284800000,171.906700957,234.350947732
1427371200000,175.521737599,228.978929167
1427457600000,172.853869612,223.528831145
1427544000000,176.722322526,233.42362464
1427630400000,171.912894826,224.260088793
1427716800000,170.377457216,222.148328038
1427803200000,170.852899741,222.837478609
1427889600000,169.706324668,215.501117046
1427976000000,172.158615138,220.568659923
1428062400000,177.322912422,228.525629788
1428148800000,176.22535943,225.687886661
1428235200000,179.065856346,232.905395867
1428321600000,180.151116285,232.891094533
1428408000000,177.300699852,229.134613741
1428494400000,171.447992516,223.201621133
1428580800000,169.21180927,216.688447176
1428667200000,166.545108456,211.641980638
1428753600000,164.236858265,205.645866549
1428840000000,164.92062516,203.753258156
1428926400000,163.681173383,200.67909926
1429012800000,154.939774588,182.072853146
1429099200000,155.09754836,181.567521081
1429185600000,157.865704613,188.005785602
1429272000000,155.933940094,186.278109269
1429358400000,154.925205061,183.860217857
1429444800000,157.909892187,190.877101597
1429531200000,157.669852548,190.296353561
1429617600000,157.332448964,189.481036391
1429704000000,164.587994747,201.771124906
1429790400000,164.468490561,201.478014193
1429876800000,162.023653301,196.566486102
1429963200000,159.739960064,190.985928523
1430049600000,153.024253043,177.673280824
1430136000000,152.66581621,176.839957354
1430222400000,157.24600664,184.217221311
1430308800000,156.977810212,183.604536829
1430395200000,162.893173094,194.93337797
1430481600000,163.70798874,195.670655166
1430568000000,164.23641828,196.244696207
1430654400000,169.475341372,203.710096892
1430740800000,168.866819293,202.690482863
1430827200000,163.42577498,192.751761334
1430913600000,164.389984258,194.620199198
1431000000000,161.640122914,190.465622768
1431086400000,166.373044918,194.458925317
1431172800000,167.936435031,195.801020128
1431259200000,169.848832907,198.131008384
1431345600000,168.251769065,194.387386266
1431432000000,168.434476602,194.809334526
1431518400000,169.597039802,197.489310155
1431604800000,165.565639707,189.455849507
1431691200000,165.94836327,190.330735626
1431777600000,165.52248637,189.352580132
1431864000000,165.473460436,189.240395228
1431950400000,165.700239414,189.758742549
1432036800000,162.495120536,184.243080883
1432123200000,163.192088393,185.820197794
1432209600000,164.424871525,188.617087023
1432296000000,164.668337412,196.010836815
1432382400000,168.333357799,217.830189889
1432468800000,167.471728134,212.969143915
1432555200000,166.050608994,210.367738994
1432641600000,166.376748545,210.742511006
1432728000000,166.312582371,213.75296293
1432814400000,166.036643453,226.865002595
1432900800000,165.579467165,241.694740366
1432987200000,162.991137003,237.67888854
1433073600000,161.970518923,226.982789565
1433160000000,159.284498481,221.379423151
1433246400000,156.259847379,214.546669601
1433332800000,157.839385787,221.09405169
1433419200000,157.713238962,220.083423082
1433505600000,157.071222035,220.062601759
1433592000000,157.618942084,226.725766113
1433678400000,157.485269888,225.897287207
1433764800000,157.562961359,225.996285677
1433851200000,161.002221313,232.782546761
1433937600000,160.654444604,231.362974312
1434024000000,160.732493467,232.313890326
1434110400000,161.129937605,233.461359953
1434196800000,160.94610472,232.928344462
1434283200000,163.590486586,249.228758905
1434369600000,164.658653497,250.84303031
1434456000000,168.536760907,273.473414187
1434542400000,178.365890786,315.268830198
1434628800000,175.124563083,313.360700972
1434715200000,172.735452277,313.722245803
1434801600000,169.71364297,307.899922983
1434888000000,171.156277128,319.380476918
1434974400000,172.322180151,320.862342962
1435060800000,170.418723667,315.678658585
1435147200000,170.602944223,314.300699067
1435233600000,169.527535241,307.456632579
1435320000000,169.367785218,308.108369168
1435406400000,171.733930133,313.998598781
1435492800000,174.192239172,328.103937723
1435579200000,177.869659773,338.148486944
1435665600000,183.640290285,393.224462687
1435752000000,180.178913501,378.540792921
1435838400000,180.025473509,387.606840994
1435924800000,177.560740629,379.550447151
1436011200000,178.815205898,382.063247363
1436097600000,182.102049397,389.645536115
1436184000000,190.888485157,444.824361529
1436270400000,187.444537186,448.718561966
1436356800000,188.991163794,467.666948411
1436443200000,189.052062739,529.136273489
1436529600000,202.034917082,558.685405103
1436616000000,204.219403683,469.562617315
1436702400000,215.340719109,532.756630878
1436788800000,201.773046663,472.786823891
1436875200000,202.78578133,475.51300117
1436961600000,204.373358312,480.907904058
1437048000000,198.595744414,419.497240585
1437134400000,192.205774601,396.932510596
1437220800000,194.27674399,420.735605741
1437307200000,191.547623784,408.788981223
1437393600000,193.496265283,405.062835392
1437480000000,194.542404119,409.257495098
1437566400000,193.664674536,406.380275296
1437652800000,193.371921841,406.479808754
1437739200000,199.133559667,439.27589185
1437825600000,202.617679607,468.954571197
1437912000000,204.781885777,474.574674206
1437998400000,201.472388743,464.380891484
1438084800000,205.396636984,493.777330079
1438171200000,202.551844498,471.450351899
1438257600000,200.487269131,455.124541968
1438344000000,198.955969763,454.547967679
1438430400000,194.869379893,422.415972989
1438516800000,196.575303902,420.59679494
1438603200000,198.099596667,439.555604276
1438689600000,198.648992338,436.441473352
1438776000000,197.448636628,438.817057867
1438862400000,195.34535997,417.200069951
1438948800000,195.333180099,428.876567571
1439035200000,192.897413685,419.978165975
1439121600000,185.216218017,395.801186461
1439208000000,185.431115514,397.644948861
1439294400000,186.359137198,402.77724267
1439380800000,186.480951271,468.510804055
1439467200000,183.874868634,481.470853966
1439553600000,185.418667118,570.542580531
1439640000000,186.108851567,518.926275809
1439726400000,180.839186862,470.697245004
1439812800000,180.390713735,478.838750661
1439899200000,179.257301015,446.837363962
1439985600000,162.537939957,403.854379778
1440072000000,164.403726045,425.070985215
1440158400000,164.057763516,440.044215696
1440244800000,160.126317707,423.021239284
1440331200000,161.359729965,415.846305199
1440417600000,155.256329684,384.829295426
1440504000000,149.172746591,336.370570007
1440590400000,158.568634513,351.854209844
1440676800000,158.123543671,348.896121668
1440763200000,158.612716283,343.559647949
1440849600000,161.685958697,351.740090442
1440936000000,160.205469016,347.137897945
1441022400000,160.81915663,351.053882993
1441108800000,159.630245688,347.020147538
1441195200000,159.960715514,346.48062558
1441281600000,158.838758506,336.879609948
1441368000000,160.450991595,341.078259319
1441454400000,161.426930919,345.214892283
1441540800000,167.859359776,377.246491594
1441627200000,167.879100873,381.52626912
1441713600000,170.801756264,389.637240239
1441800000000,167.653936908,372.979872626
1441886400000,166.889204881,371.084472929
1441972800000,168.125002094,348.015620085
1442059200000,167.637805193,365.765411391
1442145600000,163.185828845,346.334604994
1442232000000,160.410819514,340.85952122
1442318400000,161.011817977,343.408890966
1442404800000,159.080776269,335.12197714
1442491200000,nan,335.12197714
1442577600000,162.698811692,347.999143329
1442664000000,162.262415696,346.129806173
1442750400000,161.958006989,344.829888581
1442836800000,159.606808321,334.744481413
1442923200000,161.637660707,341.865591877
1443009600000,160.876866165,338.639815214
1443096000000,162.036159208,330.362955609
1443182400000,165.752554835,322.122191293
1443268800000,163.597799762,313.692210036
1443355200000,163.079019369,311.699567822
1443441600000,165.936394097,323.386157013
1443528000000,165.180698244,311.622682595
1443614400000,165.239646234,299.393800697
1443700800000,165.111134236,297.651599867
1443787200000,165.884394872,300.154088358
1443873600000,166.429987042,302.125256342
1443960000000,166.767638667,303.349912353
1444046400000,166.258699154,301.495561998
1444132800000,168.310358593,306.506564677
1444219200000,171.074776709,315.329529543
1444305600000,169.984681522,311.320737867
1444392000000,170.224103804,312.197107168
1444478400000,170.17898651,312.031591766
1444564800000,170.839461039,314.448929332
1444651200000,172.463809908,320.507131205
1444737600000,174.627010386,325.525884041
1444824000000,174.686578962,322.952475029
1444910400000,178.103550878,328.202012542
1444996800000,181.224354765,339.604187048
1445083200000,188.546965027,352.659846233
1445169600000,186.725071493,345.671733909
1445256000000,183.982195914,340.387910992
1445342400000,185.573149362,346.249492193
1445428800000,185.285645564,345.175789046
1445515200000,192.070969482,370.005161737
1445601600000,193.928866666,407.2317695
1445688000000,194.487736833,409.575539997
1445774400000,200.695119725,423.109115215
1445860800000,198.363449364,416.245957022
1445947200000,202.165188512,475.222766695
1446033600000,210.52262057,493.744025596
1446120000000,216.264650202,530.209293744
1446206400000,225.324373994,576.693292702
1446292800000,226.987051512,576.316676065
1446379200000,224.070762773,563.069141541
1446465600000,233.686749077,592.873312036
1446552000000,262.660026163,636.217655057
1446638400000,329.677987461,727.189887394
1446724800000,271.434846939,586.352831273
1446811200000,260.295045094,538.522188563
1446897600000,270.063827677,556.956993479
1446984000000,269.251160673,553.447288101
1447070400000,268.878170879,548.096918768
1447156800000,262.713956492,546.011343667
1447243200000,223.590517616,434.514186679
1447329600000,235.114137652,460.13477279
1447416000000,229.460769462,447.034687764
1447502400000,232.255285016,454.360945207
1447588800000,233.226669099,458.153656199
1447675200000,223.080641865,428.470552737
1447761600000,233.600234774,455.129817981
1447848000000,232.630148899,458.587870316
1447934400000,233.557593478,462.07952958
1448020800000,225.739083154,440.997819015
1448107200000,229.05177078,453.846923985
1448193600000,226.106366477,442.099083106
1448280000000,226.549770286,443.831333829
1448366400000,225.131775158,439.693015654
1448452800000,228.333514842,450.141732357
1448539200000,248.602066266,517.56022599
1448625600000,251.035189352,520.56468896
1448712000000,248.589685793,508.608022024
1448798400000,254.265651741,528.610770594
1448884800000,264.692553016,550.638066554
1448971200000,252.06303179,508.607715777
1449057600000,246.342456394,488.059647882
1449144000000,251.621803924,502.876002416
1449230400000,251.54749073,501.12108106
1449316800000,266.698704749,549.402796572
1449403200000,275.105030385,569.855872208
1449489600000,277.16646667,586.779870318
1449576000000,276.679831412,604.851302084
1449662400000,295.776438159,699.413771228
1449748800000,289.967610517,700.035345895
1449835200000,303.385327619,708.458670674
1449921600000,301.558462298,727.82189555
1450008000000,304.168665093,740.712657156
1450094400000,309.949933736,752.902661331
1450180800000,317.738285797,711.462077696
1450267200000,321.838272111,710.366028825
1450353600000,319.390582959,702.758987835
1450440000000,320.986089571,707.787811368
1450526400000,325.035300156,717.899044098
1450612800000,321.344963187,705.959861804
1450699200000,310.94957321,663.721863924
1450785600000,308.713345845,652.177000319
1450872000000,309.06992005,664.625143707
1450958400000,319.538875075,693.330458094
1451044800000,316.783809539,683.360913266
1451131200000,295.585045917,622.262954146
1451217600000,296.156979912,622.805145959
1451304000000,297.671860007,627.927788889
1451390400000,295.881727896,623.436028714
1451476800000,302.090608989,637.823408661
1451563200000,297.363967127,624.843741818
1451649600000,302.782601381,640.102105164
1451736000000,302.769248636,683.073747644
1451822400000,300.913292499,677.09457676
1451908800000,301.751665833,679.518773496
1451995200000,301.328972715,675.70571855
1452081600000,301.128186626,674.98474987
1452168000000,314.267106189,713.539829809
1452254400000,318.434868423,724.496327756
1452340800000,314.162426299,793.913513574
1452427200000,308.537377723,775.169324888
1452513600000,311.567544079,786.469568242
1452600000000,311.945678624,883.397047387
1452686400000,298.673222228,877.272396549
1452772800000,300.464709261,883.34333761
1452859200000,283.3088052,879.431761025
1452945600000,258.584616823,847.928773848
1453032000000,267.62474163,858.812337085
1453118400000,268.302854837,910.67144266
1453204800000,269.9286003,900.462849791
1453291200000,267.232799131,901.124731306
1453377600000,289.956206001,992.555137767
1453464000000,275.280235829,1150.46334277
1453550400000,272.720409506,1198.19438456
1453636800000,279.989294236,1327.29214828
1453723200000,278.220704402,1318.73518574
1453809600000,276.353128694,1717.92079723
1453896000000,276.244659897,1876.31348045
1453982400000,268.023639075,1847.06482848
1454068800000,268.297182981,1851.51068447
1454155200000,264.776215958,1833.63580848
1454241600000,265.242823161,1739.56469134
1454328000000,263.499608559,1724.9898679
1454414400000,261.563232219,1693.93734581
1454500800000,260.497298985,1750.04757485
1454587200000,262.227574933,1781.18908242
1454673600000,272.923971082,1835.68804756
1454760000000,263.153479073,1818.86352365
1454846400000,265.087526093,1928.22834285
1454932800000,264.846134323,2007.61975418
1455019200000,262.338956783,2141.11870176
1455105600000,264.955422818,2443.81507636
1455192000000,266.488849164,2884.43813996
1455278400000,267.535518399,4148.49269368
1455364800000,272.881965275,4026.0078664
1455451200000,279.500035897,4109.25771829
1455537600000,281.2321612,4322.63239
1455624000000,282.370146328,3993.62290065
1455710400000,289.681986893,3511.56997118
1455796800000,297.109481409,3608.62172956
1455883200000,294.224270003,3633.91549911
1455969600000,301.025754845,3757.51055835
1456056000000,312.465868423,3865.03545244
1456142400000,305.776679793,3948.36060489
1456228800000,296.274815926,4001.11312109
1456315200000,292.870447413,4045.44948482
1456401600000,297.054216606,4293.33339944
1456488000000,298.523352883,4217.9893076
1456574400000,299.986479948,4383.74146819
1456660800000,298.073848855,4875.16969022
1456747200000,305.382596114,4802.05269406
1456833600000,304.94259633,4847.96276093
1456920000000,303.103952278,5071.53716975
1457006400000,295.921152438,5420.47775344
1457092800000,294.434163861,5517.77012987
1457179200000,285.160052326,5786.77952777
1457265600000,284.915724614,6467.40087511
1457352000000,289.048129029,6175.28504026
1457438400000,288.973748807,6496.43542315
1457524800000,288.828481123,6984.82942232
1457611200000,289.309236917,7591.24701502
1457697600000,295.507331914,7984.01241804
1457784000000,290.623335951,7998.40757288
1457870400000,290.954796217,8346.95741921
1457956800000,290.62547169,7684.33323294
1458043200000,292.067203611,7629.84889919
1458129600000,291.787920709,8241.70723522
1458216000000,293.13208279,9074.63082589
1458302400000,291.459058455,8942.79287636
1458388800000,286.866643041,9692.73973908
1458475200000,287.91659028,9617.51892378
1458561600000,287.525678451,10122.9519292
1458648000000,291.753154058,10662.3448957
1458734400000,292.308309542,10545.2598013
1458820800000,291.196376337,10297.0541165
1458907200000,292.030466101,10880.6519745
1458993600000,291.423935013,10757.2758426
1459080000000,292.871576643,12604.2010124
1459166400000,297.798572887,12266.3582542
1459252800000,292.293168141,12141.2323518
1459339200000,290.313216297,11956.2308272
1459425600000,291.043335848,11298.0693952
1459512000000,291.721773089,11271.1205866
1459598400000,294.328753188,11261.6753585
1459684800000,294.553433467,11356.8759539
1459771200000,293.968908873,11125.2180888
1459857600000,295.891617042,10992.8629321
1459944000000,296.104807596,11027.3979628
1460030400000,295.60184461,10766.4838798
1460116800000,296.878330876,10365.8509745
1460203200000,293.109444381,10144.6181625
1460289600000,294.845450786,8632.80617792
1460376000000,294.428064628,8602.8974771
1460462400000,297.423372766,8480.73000153
1460548800000,297.012000919,8604.882104
1460635200000,296.490933611,8821.31512743
1460721600000,299.406503916,8907.92932808
1460808000000,301.526857924,8900.86848256
1460894400000,300.027458937,9414.90111639
1460980800000,299.262589937,9104.10382478
1461067200000,300.004325717,9224.36217155
1461153600000,304.898796434,9278.67153691
1461240000000,309.33732815,9314.26248242
1461326400000,312.585352358,9170.73678186
1461412800000,312.65318478,9053.51377594
1461499200000,316.171416855,9362.93132618
1461585600000,317.817988581,9519.77867644
1461672000000,323.517336547,9568.78908332
1461758400000,325.158211872,9989.77321155
1461844800000,311.583473927,9336.23733916
1461931200000,314.178337797,9473.09243352
1462017600000,317.509687765,9717.83769825
1462104000000,315.689651104,9800.48162329
1462190400000,310.059935979,10094.6212781
1462276800000,313.239352793,10138.1695689
1462363200000,311.99756685,10148.9528369
1462449600000,311.826431221,10033.5537891
1462536000000,315.135188703,10276.2803732
1462622400000,321.196420897,10400.6254504
1462708800000,319.521019529,10297.986149
1462795200000,319.400287693,10455.0168989
1462881600000,315.788076594,10343.3379289
1462968000000,316.98874587,10532.3719153
1463054400000,315.437666062,10659.6720087
1463140800000,318.611093111,10962.6744035
1463227200000,318.377354531,10771.766342
1463313600000,319.086934398,10819.7079219
1463400000000,319.860127272,10927.7979214
1463486400000,317.412852204,11308.0634709
1463572800000,318.02014334,11525.9628013
1463659200000,314.65680718,11584.9953141
1463745600000,310.087701307,12803.3365829
1463832000000,309.461830773,12418.3896104
1463918400000,309.775523613,12590.1684336
1464004800000,309.798876357,12602.012404
1464091200000,311.782748688,12254.2262504
1464177600000,314.119013696,12231.0070664
1464264000000,316.494636988,13381.9771124
1464350400000,332.00252266,13691.7111139
1464436800000,346.973267672,13337.8287968
1464523200000,368.692114359,14351.9341483
1464609600000,379.232450804,14690.1762648
1464696000000,380.687838357,14627.5948664
1464782400000,373.451390874,13690.3237802
1464868800000,375.422920711,14047.8080396
1464955200000,386.773265589,14811.1769554
1465041600000,401.114990252,15720.7534399
1465128000000,404.050120836,15869.1733489
1465214400000,408.235048874,15973.7964811
1465300800000,409.878265491,16744.1479718
1465387200000,406.03133277,16838.5810588
1465473600000,405.31189691,16986.6979252
1465560000000,402.322628158,16784.2530022
1465646400000,407.10229293,16770.0067559
1465732800000,449.258796958,17872.9061055
1465819200000,486.716815989,18916.8230977
1465905600000,481.628224521,20140.7330541
1465992000000,476.99560004,20446.2286901
1466078400000,512.575240771,21157.9261128
1466164800000,516.664736429,21367.8309908
1466251200000,525.905729409,21254.2000431
1466337600000,526.275523045,22957.7949545
1466424000000,525.72050398,22860.370983
1466510400000,477.802626021,21103.455872
1466596800000,465.662518198,21421.0453069
1466683200000,413.89736726,19665.5994501
1466769600000,459.916149339,20850.0045173
1466856000000,474.230229422,21603.4350508
1466942400000,454.663756684,22667.1249248
1467028800000,444.786058849,21836.8000357
1467115200000,454.784974925,24639.6692398
1467201600000,444.450160894,23843.0377385
1467288000000,457.020795836,23877.2874093
1467374400000,475.004614988,24119.8380519
1467460800000,484.272418968,23787.4389376
1467547200000,476.121333881,23700.6374535
1467633600000,469.312700219,23658.7607261
1467720000000,472.068723096,27232.9247667
1467806400000,471.226960702,27242.6993287
1467892800000,452.366184149,24414.6327375
1467979200000,450.584209675,24729.3064262
1468065600000,455.445848537,25524.1761769
1468152000000,452.430445288,25632.5386884
1468238400000,452.151510393,25986.0618601
1468324800000,457.185210044,28613.9969137
1468411200000,465.967643576,32433.840965
1468497600000,461.961137126,33687.8931278
1468584000000,464.328042096,33910.9659919
1468670400000,464.635295165,32282.1594951
1468756800000,466.141067686,32006.5474683
1468843200000,475.046029368,32575.3558253
1468929600000,470.004026024,33012.1510346
1469016000000,468.590361809,34924.7189357
1469102400000,463.602006619,33430.6214071
1469188800000,462.433150794,36524.133302
1469275200000,458.183007862,36855.7763956
1469361600000,458.593955648,35795.9383797
1469448000000,457.17613031,35685.9856159
1469534400000,453.888653944,39785.5614235
1469620800000,455.683847575,41813.0482006
1469707200000,458.337540924,43274.9063243
1469793600000,458.115942033,44014.6832083
1469880000000,459.049225762,44445.6055877
1469966400000,443.348460282,44379.5495351
1470052800000,437.249897655,44707.2958536
1470139200000,421.980158099,43748.4358375
1470225600000,390.5722729,41936.2816723
1470312000000,401.973414605,43066.8885321
1470398400000,400.510174876,43890.1588004
1470484800000,399.857012985,46548.3837949
1470571200000,414.265356156,45744.2872741
1470657600000,412.950611969,45902.6068645
1470744000000,412.07842664,50456.5796257
1470830400000,412.12790321,51365.4297348
1470916800000,416.638957974,49999.9066929
1471003200000,411.48233432,50060.184788
1471089600000,412.303287689,53035.4204828
1471176000000,405.188943572,51843.5774993
1471262400000,400.40180668,51688.15911
1471348800000,397.559885017,50407.5491568
1471435200000,404.300601368,51132.4024315
1471521600000,402.806823593,51014.6390538
1471608000000,403.018068583,52215.1200944
1471694400000,406.396551025,53005.4993518
1471780800000,407.192414902,48986.2906644
1471867200000,406.944108892,50865.769231
1471953600000,407.995663025,52832.5854691
1472040000000,407.756608379,53481.6461137
1472126400000,402.98087994,53195.4508905
1472212800000,405.154724025,54372.5230242
1472299200000,402.626801041,53636.8859075
1472385600000,401.029843374,58318.8394048
1472472000000,402.181195331,63119.2594006
1472558400000,404.116648371,62320.6884889
1472644800000,401.949854609,62122.1629739
1472731200000,400.560347529,63493.5136464
1472817600000,400.865973515,69242.736653
1472904000000,401.781503335,78013.8905688
1472990400000,421.796276857,75610.9767247
1473076800000,421.312864205,80762.9654361
1473163200000,425.163085232,87533.5774532
1473249600000,427.154554683,94394.1013767
1473336000000,438.887532214,90404.8543653
1473422400000,434.681387709,111795.935722
1473508800000,436.450418543,119684.542513
1473595200000,436.336872274,117836.200532
1473681600000,423.872292795,116463.123138
1473768000000,425.480149943,117717.27013
1473854400000,427.138063255,126185.509344
1473940800000,426.869761387,126576.17172
1474027200000,425.565154884,129316.973256
1474113600000,424.442096429,128534.260421
1474200000000,426.007632721,129130.019472
1474286400000,426.144745454,127877.636313
1474372800000,425.981458868,130767.615017
1474459200000,418.048031353,129311.774559
1474545600000,417.873157545,126975.163418
1474632000000,419.302661776,127794.311338
1474718400000,422.393571777,130148.520649
1474804800000,421.730126937,130336.944728
1474891200000,423.838975206,131138.750823
1474977600000,423.30217612,129353.502233
1475064000000,423.202484337,130925.966796
1475150400000,423.822071219,134451.645841
1475236800000,423.844151586,133797.873148
1475323200000,428.669017637,131175.858217
1475409600000,428.050203182,127088.455759
1475496000000,427.909559039,129377.461899
1475582400000,426.904747562,128102.324788
1475668800000,427.251676215,115997.489631
1475755200000,428.490689489,110939.880597
1475841600000,431.096589924,110285.039148
1475928000000,432.751396105,109643.859087
1476014400000,431.760742904,109367.156766
1476100800000,431.946902983,134560.349893
1476187200000,443.688997542,120131.228063
1476273600000,447.432387987,112429.971979
1476360000000,445.315721997,117217.715858
1476446400000,446.571533761,115942.795327
1476532800000,448.692075238,113306.811785
1476619200000,449.294495035,113429.029897
1476705600000,447.926972434,112799.093511
1476792000000,447.615014642,120600.86031
1476878400000,443.993454284,122553.024802
1476964800000,441.329001678,123926.218202
1477051200000,441.921207364,122807.417361
1477137600000,445.935122662,124155.530897
1477224000000,458.159714258,124996.932887
1477310400000,457.245024207,124478.551688
1477396800000,459.003312937,122895.758976
1477483200000,465.061953547,121397.195448
1477569600000,479.831689709,121972.670638
1477656000000,481.561894265,121296.068119
1477742400000,493.224082564,112292.931669
1477828800000,495.829589566,111762.768869
1477915200000,489.616115664,116483.76184
1478001600000,513.399198836,132427.739566
1478088000000,507.551978867,125110.805556
1478174400000,517.107116624,123332.97433
1478260800000,493.431013396,118661.578737
1478347200000,491.371094922,116043.326921
1478433600000,498.010669498,112510.756891
1478520000000,491.410284248,105359.877212
1478606400000,492.550380354,107906.034889
1478692800000,513.519986854,108371.782137
1478779200000,501.93104389,106187.85842
1478865600000,501.230542344,102708.538097
1478952000000,494.904577047,101650.858335
1479038400000,486.054922693,96227.6183089
1479124800000,490.747958805,96366.7365624
1479211200000,496.493385811,96292.7562347
1479297600000,499.628117975,96590.6320427
1479384000000,519.390836833,94309.3887566
1479470400000,525.428759361,93638.825893
1479556800000,523.795233009,93301.6074607
1479643200000,526.273197886,92414.2930527
1479729600000,513.322941826,91521.8263456
1479816000000,518.021253633,97159.9193436
1479902400000,519.515631484,95413.3476803
1479988800000,515.607459084,99073.0064832
1480075200000,515.823756083,100603.708823
1480161600000,514.316224829,97504.5626939
1480248000000,515.348544005,95765.796782
1480334400000,515.554078734,93103.5842988
1480420800000,515.228548994,91495.077005
1480507200000,522.49558716,91765.0242045
1480593600000,526.59131068,92792.9587291
1480680000000,541.271004108,92030.8619932
1480766400000,537.299287463,95382.1958685
1480852800000,538.681392178,95344.58094
1480939200000,527.12040638,90838.6216216
1481025600000,534.840679739,85411.7740717
1481112000000,535.321895819,92834.0315805
1481198400000,540.702882242,98945.090608
1481284800000,540.313162923,99699.1847327
1481371200000,542.208124316,99029.4283578
1481457600000,537.712024184,100517.57646
1481544000000,546.131881187,101123.620913
1481630400000,546.648979114,101319.161387
1481716800000,546.669058035,103788.687246
1481803200000,545.274438218,100794.686214
1481889600000,547.516547495,104541.289498
1481976000000,552.902370242,103119.081987
1482062400000,553.33388434,106934.272065
1482148800000,554.673098585,108896.590526
1482235200000,554.583652543,111210.890765
1482321600000,565.590848331,115917.877652
1482408000000,604.479997676,114829.214315
1482494400000,636.79180927,119178.981272
1482580800000,630.245281334,121305.778056
1482667200000,609.210432123,130678.387535
1482753600000,627.903769771,126388.416485
1482840000000,645.322065894,128902.353891
1482926400000,669.363820431,134417.671332
1483012800000,681.816635647,138920.345811
1483099200000,659.987645046,140054.282272
1483185600000,664.726684814,140407.780831
1483272000000,681.539337031,144249.732704
1483358400000,718.398431535,146454.936238
1483444800000,719.365046021,153674.229477
1483531200000,760.358533317,169871.077275
1483617600000,776.92363811,172157.254502
1483704000000,623.71650786,144725.630592
1483790400000,615.883023981,140199.533305
1483876800000,641.985190147,151534.21678
1483963200000,632.690270412,151194.262833
1484049600000,634.235887384,153787.26678
1484136000000,582.698979066,143484.85848
1484222400000,534.06134559,129167.723201
1484308800000,560.592518107,135166.272213
1484395200000,581.487772225,137100.433068
1484481600000,573.33708732,147953.888678
1484568000000,576.229428119,147706.330487
1484654400000,617.206365623,154341.205146
1484740800000,630.453333187,159702.312452
1484827200000,622.016057029,156780.52172
1484913600000,622.467850251,168465.080901
1485000000000,645.481314553,174280.462187
1485086400000,650.461570973,173764.217331
1485172800000,646.190319344,172265.717265
1485259200000,635.736848007,169180.017695
1485345600000,628.595077247,166394.572078
1485432000000,633.842308523,168059.257663
1485518400000,643.8218139,191129.041002
1485604800000,644.973347599,173287.903625
1485691200000,645.394528907,179299.765449
1485777600000,644.196853468,190519.677327
1485864000000,656.34441974,198107.929238
1485950400000,682.075394425,202529.893607
1486036800000,695.409352753,170187.528604
1486123200000,712.686500817,174717.526535
1486209600000,715.842709803,175999.316684
1486296000000,724.652249083,175904.934998
1486382400000,726.945555034,175295.200458
1486468800000,740.14674364,178612.644586
1486555200000,734.089436771,179267.156203
1486641600000,752.051194359,184338.406591
1486728000000,679.686768129,174349.418605
1486814400000,700.13902806,180334.967481
1486900800000,700.267549037,180182.123817
1486987200000,693.014653217,180031.99464
1487073600000,701.330094735,186191.281829
1487160000000,701.49144849,188332.289378
1487246400000,711.75359434,201461.383794
1487332800000,723.593819452,203301.705999
1487419200000,738.887241899,204537.14573
1487505600000,736.535443798,200735.690413
1487592000000,737.415199534,202301.612317
1487678400000,771.107974207,196776.62389
1487764800000,774.337322633,196816.920964
1487851200000,793.833419321,199693.781832
1487937600000,809.207667803,201399.791083
1488024000000,818.897745902,202762.269938
1488110400000,811.577712869,204428.529418
1488196800000,819.279595836,201393.343227
1488283200000,822.333206517,206771.789692
1488369600000,831.775537941,212490.239056
1488456000000,857.091111691,230750.707307
1488542400000,893.195482398,236681.771334
1488628800000,889.823376895,241618.60162
1488715200000,872.68819865,232100.221963
1488801600000,891.076036578,244067.096188
1488888000000,850.522803863,235672.677372
1488974400000,844.593314489,232443.899921
1489060800000,815.056042457,228165.949505
1489147200000,834.834276492,230725.273863
1489233600000,825.955305461,234709.165434
1489320000000,825.039427565,251703.115933
1489406400000,859.380450427,277264.765919
1489492800000,861.92517407,287518.337035
1489579200000,872.839795518,296436.503319
1489665600000,859.758667154,327123.549123
1489752000000,807.705060727,325437.684962
1489838400000,768.470054938,336523.644702
1489924800000,701.643152764,338324.651625
1490011200000,739.876244787,363945.980413
1490097600000,763.480103099,371325.206319
1490184000000,753.164972248,375612.056125
1490270400000,735.837610544,386952.834446
1490356800000,694.078983263,395096.54596
1490443200000,639.810172111,376909.799902
1490529600000,680.528824271,395129.736439
1490616000000,697.408872645,409189.667469
1490702400000,742.319605761,412576.140981
1490788800000,736.130977022,444005.171875
1490875200000,719.268939047,471101.483375
1490961600000,727.241350363,520343.2432
1491048000000,759.297759422,531812.135946
1491134400000,758.575876969,573379.28989
1491220800000,792.874331857,593896.104403
1491307200000,797.453565351,567422.662908
1491393600000,785.017507276,593249.413122
1491480000000,811.98312384,586379.646444
1491566400000,820.980708191,572117.195944
1491652800000,823.76133342,596123.396023
1491739200000,819.490281001,607287.636989
1491825600000,830.82772693,599413.238711
1491912000000,835.980242314,611390.361939
1491998400000,839.107226106,634031.420481
1492084800000,830.237404264,670284.987958
1492171200000,812.520541268,659292.043273
1492257600000,829.154846623,690695.413033
1492344000000,825.775007119,708542.002394
1492430400000,821.016415051,703669.814226
1492516800000,848.773563356,721064.112738
1492603200000,845.407658464,745802.004825
1492689600000,850.776929539,733565.567461
1492776000000,860.613725042,727391.198401
1492862400000,854.776166995,747894.584156
1492948800000,854.535805468,758335.501062
1493035200000,856.255964137,779445.911204
1493121600000,882.214223876,815685.158431
1493208000000,892.036312761,845655.516482
1493294400000,905.766014333,886874.53019
1493380800000,908.029065916,918256.642216
1493467200000,921.326395496,1011874.63326
1493553600000,921.295870058,1056609.38924
1493640000000,957.077689995,1138042.40237
1493726400000,1026.74945333,1055942.91899
1493812800000,1025.46299189,1120752.92673
1493899200000,1077.17517877,1250624.96755
1493985600000,1119.50309244,1452851.42222
1494072000000,1100.33705179,1426794.6266
1494158400000,1099.88902219,1579302.13908
1494244800000,1157.87257689,1801745.6439
1494331200000,1280.32124313,1645638.10987
1494417600000,1215.05943696,1750788.80136
1494504000000,1298.74571182,1736563.52022
1494590400000,1286.92629663,1796139.50069
1494676800000,1228.78946309,1773016.76219
1494763200000,1262.35662734,1838816.93864
1494849600000,1236.64891325,1834662.60529
1494936000000,1220.08486582,1845822.1385
1495022400000,1273.36982706,1941312.15675
1495108800000,1282.2713506,2153292.65248
1495195200000,1361.35904587,2378052.64849
1495281600000,1387.98214803,2494674.08361
1495368000000,1474.9581283,2755206.4578
1495454400000,1549.63144786,2982668.60842
1495540800000,1579.79958073,3209285.52762
1495627200000,1706.4452845,3732842.56633
1495713600000,1884.60683215,3582775.52438
1495800000000,1765.39336814,3440065.13036
1495886400000,1401.55566077,2183133.11684
1495972800000,1546.75393151,2622803.28198
1496059200000,1540.04716975,2591411.62265
1496145600000,1602.5499409,2811901.32509
1496232000000,1553.14545858,2766139.8702
1496318400000,1698.07767194,3098457.21852
1496404800000,1695.1375171,3209799.75413
1496491200000,1751.91038261,3346976.62516
1496577600000,1764.38248762,3491744.77262
1496664000000,1803.38923548,3682848.63555
1496750400000,1994.91876857,3891836.89961
1496836800000,1983.79263574,3965781.50379
1496923200000,1940.14956753,3951234.0527
1497009600000,1969.11474454,4072877.27442
1497096000000,1959.0162921,4249343.52987
1497182400000,2002.89905426,4362928.76423
1497268800000,1918.50873364,4166106.73398
1497355200000,1894.97013042,4252568.51485
1497441600000,1922.92341985,4494574.14887
1497528000000,1646.06150858,3570266.55241
1497614400000,1729.54462552,3884232.62045
1497700800000,1815.40875617,4144282.08678
1497787200000,1811.48311758,4240539.11394
1497873600000,1791.58793959,4378886.81542
1497960000000,1829.92608814,4611343.31233
1498046400000,1915.32577052,4418001.34951
1498132800000,1885.22680534,4365943.97585
1498219200000,1919.61447487,4595895.561
1498305600000,1923.80420953,4665651.24643
1498392000000,1865.12191644,4507144.48009
1498478400000,1777.67701699,3941387.59137
1498564800000,1694.0383949,3570601.66025
1498651200000,1769.87935181,3919604.6042
1498737600000,1773.05150013,3919087.28535
1498824000000,1787.88447817,4018364.45261
1498910400000,1755.02947544,3826768.38121
1498996800000,1710.51677501,3602431.46675
1499083200000,1762.59723039,3862198.03824
1499169600000,1829.23937307,4131655.70862
1499256000000,1784.47477218,3990164.78308
1499342400000,1812.48368241,4063174.82212
1499428800000,1783.07174083,3810179.30263
1499515200000,1753.74713599,3504334.3103
1499601600000,1807.41414733,3684440.76477
1499688000000,1758.32020199,3452154.57079
1499774400000,1653.69939737,2908479.95718
1499860800000,1644.5419507,2979421.05495
1499947200000,1678.40143413,3156738.5014
1500033600000,1638.5338574,3018901.4977
1500120000000,1444.36661224,2573420.96068
1500206400000,1320.89313057,2156975.47418
1500292800000,1409.72226354,2432545.05374
1500379200000,1605.19573666,2841011.20559
1500465600000,1645.66421982,3028879.85814
1500552000000,1704.63525528,3027650.74934
1500638400000,1911.62635471,3280733.81618
1500724800000,1972.77287111,3392690.48641
1500811200000,1870.29901117,3305121.54132
1500897600000,1920.53887451,3460245.18517
1500984000000,1808.2541675,3081793.35455
1501070400000,1780.32915394,3103006.22401
1501156800000,1811.11114685,3162613.2834
1501243200000,1983.56931594,3091548.15799
1501329600000,1883.20356889,2913868.92039
1501416000000,1871.16584589,3049591.96954
1501502400000,1957.41184013,3016955.61338
1501588800000,1974.26314616,3100064.97333
1501675200000,1887.70231448,3569828.92987
1501761600000,1926.85940339,3513189.86652
1501848000000,2004.88684637,3478583.21063
1501934400000,2203.82206361,3622156.885
1502020800000,2225.11225525,3667150.69879
1502107200000,2332.65851193,3922995.5938
1502193600000,2419.44631472,4124221.95788
1502280000000,2314.70717869,4110664.14039
1502366400000,2371.16295075,4235920.26202
1502452800000,2438.3537001,4453213.82858
1502539200000,2637.27758364,4616052.72125
1502625600000,2788.15732146,4569814.69737
1502712000000,2913.65613304,4748542.04458
1502798400000,2918.28953413,4605855.06478
1502884800000,2873.72817225,4699766.76721
1502971200000,3107.63151678,4908441.32467
1503057600000,3024.86400303,5076904.75123
1503144000000,2791.81372587,4971701.73049
1503230400000,2878.14875472,5339007.73342
1503316800000,2842.26973512,5278499.72016
1503403200000,2746.27136813,5296565.25617
1503489600000,2963.19867818,5784096.16999
1503576000000,2930.48791388,5723755.14291
1503662400000,3046.75084668,5722387.44145
1503748800000,3025.72482598,5924519.10999
1503835200000,3045.58515229,6032433.77717
1503921600000,3021.49824222,6088775.59246
1504008000000,3069.00107441,6194849.62987
1504094400000,3157.82535362,6162606.58873
1504180800000,3256.54590289,6536919.99208
1504267200000,3345.06708969,6813820.52444
1504353600000,3274.51012781,6577031.11238
1504440000000,3183.07440824,6233204.86346
1504526400000,3024.35678731,5401928.76193
1504612800000,2995.56678366,5468969.61377
1504699200000,3182.30987901,6003588.66151
1504785600000,3204.46370793,6248779.97151
1504872000000,3225.67503564,6337005.91869
1504958400000,2977.4130765,5560828.17344
1505044800000,2838.62824574,5136899.42847
1505131200000,2890.8207908,5322251.56756
1505217600000,3011.7755302,5667614.9476
1505304000000,2693.29922944,4792823.29872
1505390400000,2468.66579567,4273683.18504
1505476800000,2080.73218055,3182416.53412
1505563200000,2511.41084282,4038818.95609
1505649600000,2458.19278433,3919558.44068
1505736000000,2699.39681115,4423143.51308
1505822400000,2790.76779075,4512205.98252
1505908800000,2744.06622611,4416708.22758
1505995200000,2708.28595121,4372954.93809
1506081600000,2501.32824695,3905526.19538
1506168000000,2662.47375621,4263328.71701
1506254400000,2590.61944365,4139189.52176
1506340800000,2635.85417694,4240614.91189
1506427200000,2766.77729684,4492638.53404
1506513600000,2845.76890745,4664239.04131
1506600000000,2927.47125606,4706066.67636
1506686400000,2932.28244555,4696342.51493
1506772800000,2995.47392488,4798356.40955
1506859200000,3018.66462359,4812748.43124
1506945600000,3085.995894,4842113.17686
1507032000000,3017.77805984,4616489.22373
1507118400000,2986.21011114,4624956.56951
1507204800000,2977.5820075,4562930.61538
1507291200000,3079.47157861,4748501.94168
1507377600000,3027.48747312,4651645.65077
1507464000000,3115.53615538,4774122.3693
1507550400000,3216.11739852,4645534.39925
1507636800000,3365.54454214,4623675.32325
1507723200000,3362.58586037,4712188.04223
1507809600000,3631.98929416,4810536.23124
1507896000000,3966.94057834,4940875.81149
1507982400000,4000.1542079,5110632.0855
1508068800000,3836.74464442,4890692.56278
1508155200000,3995.75297589,5203690.32084
1508241600000,3969.23930838,5131272.71813
1508328000000,3714.78842487,4822920.09278
1508414400000,3983.33552515,4984588.83243
1508500800000,3950.62825575,4944365.93795
1508587200000,4297.57281579,4846741.56568
1508673600000,4085.74117065,4828958.57224
1508760000000,4145.98084661,4742569.94422
1508846400000,3999.36539428,5042070.45652
1508932800000,3884.6743288,4836086.95597
1509019200000,4115.68832938,5012114.15902
1509105600000,4094.7754576,4972631.67986
1509192000000,3995.33635549,4932700.82563
1509278400000,4059.39103828,5088310.41755
1509364800000,4312.21437593,5194979.95954
