Currency,Start-Date
0x,2017-08-16 17:09:22
1337coin,2015-11-10 19:19:27
1credit,2016-03-23 20:59:28
2give,2016-05-17 20:14:29
300-token,2017-07-25 07:55:03
42-coin,2014-01-15 05:31:50
808coin,2016-07-26 23:09:30
8bit,2015-04-19 21:44:28
9coin,2017-05-13 22:14:54
abncoin,2017-01-20 05:54:36
aces,2016-08-20 19:29:32
acoin,2014-09-14 21:44:21
adcoin,2017-08-25 06:50:22
adelphoi,2017-06-17 00:00:02
adshares,2017-08-13 02:14:24
adtoken,2017-07-02 06:54:17
advanced-internet-blocks,2015-05-01 06:24:26
adx-net,2017-07-01 22:54:14
adzcoin,2015-12-27 03:39:29
aeon,2015-08-05 20:09:29
aeternity,2017-06-01 20:39:54
agoras-tokens,2015-08-26 13:44:30
agrello-delta,2017-09-10 01:50:24
agrolifecoin,2016-09-05 00:19:33
aidos-kuneen,2017-06-06 09:09:52
allion,2017-02-25 04:39:39
allsafe,2016-10-30 00:44:31
alpacoin,2016-01-26 09:24:26
alphabitcoinfund,2016-05-20 00:34:29
altcoin-alt,2017-04-25 19:39:51
ambercoin,2015-02-08 07:44:29
amis,2017-04-21 04:04:46
ammo-rewards,2017-06-12 23:39:58
amsterdamcoin,2015-08-22 04:09:28
anarchistsprime,2015-07-14 22:44:50
animecoin,2014-03-01 06:43:50
anoncoin,2013-07-16 09:56:48
antibitcoin,2015-12-16 19:34:36
antilitecoin,2016-03-20 00:09:28
antimatter,2017-06-25 04:49:59
applebyte,2014-06-13 15:39:08
applecoin-apw,2017-08-12 20:59:25
apx,2017-05-25 04:14:51
aquariuscoin,2016-05-05 02:04:31
aragon,2017-05-19 01:29:56
arbit,2015-05-22 06:14:27
arcade-token,2016-12-02 02:30:16
arcticcoin,2016-10-20 05:39:34
ardor,2016-07-24 19:39:30
argentum,2013-07-05 07:11:42
argus,2017-02-27 01:19:38
aricoin,2014-02-21 14:50:22
ark,2017-03-22 21:19:43
artex-coin,2016-08-31 14:14:34
asch,2017-04-02 01:39:42
aseancoin,2017-08-19 21:35:01
asiacoin,2014-04-21 16:56:03
asiadigicoin,2016-02-23 20:14:44
asiccoin,2014-01-01 19:07:02
asset-backed-coin,2015-05-26 01:09:26
atbcoin,2017-09-19 06:49:51
atc-coin,2017-06-25 04:50:00
atmcoin,2017-08-24 07:40:05
atmos,2017-04-17 23:34:46
atomic-coin,2016-10-10 06:29:32
audiocoin,2015-06-06 15:49:30
augur,2015-10-28 18:19:29
aureus,2017-08-27 23:55:24
auroracoin,2014-02-28 06:43:33
aurumcoin,2014-10-10 06:14:23
avatarcoin,2016-01-06 19:29:28
aventus,2017-09-06 18:55:11
avoncoin,2017-02-10 04:49:40
axfunds,2016-11-18 14:34:32
axiom,2015-07-31 05:04:31
b3coin,2016-09-05 00:19:33
bagcoin,2016-07-22 19:09:31
bancor,2017-06-22 20:55:04
bankcoin,2017-03-31 05:24:44
basic-attention-token,2017-06-01 09:15:11
bata,2015-05-30 20:04:27
batcoin,2014-03-04 07:50:18
bbqcoin,2013-05-09 08:40:16
bcap,2017-05-12 01:09:52
beatcoin,2016-09-22 23:29:33
beavercoin,2014-10-05 22:59:23
belacoin,2014-03-21 09:34:15
benjirolls,2017-01-20 05:54:35
berncash,2016-04-12 09:04:28
bestchain,2017-04-02 01:39:42
betacoin,2013-12-16 03:11:47
biblepay,2017-08-28 01:50:14
bigup,2016-03-23 20:59:28
billarycoin,2016-05-22 01:09:32
billionaire-token,2017-09-23 19:04:27
binance-coin,2017-07-25 07:30:01
biobar,2017-03-21 05:09:44
bios-crypto,2015-07-28 17:54:28
bipcoin,2016-11-04 02:04:36
birds,2017-07-31 06:10:07
bit20,2017-07-18 21:29:16
bitalphacoin,2016-01-23 18:34:26
bitasean,2017-08-13 02:34:24
bitbar,2013-05-10 18:25:19
bitbay,2014-11-17 23:29:25
bitbean,2015-02-19 14:19:25
bitbtc,2014-09-24 06:24:21
bitcedi,2016-06-03 16:49:29
bitcentavo,2014-09-14 21:29:22
bitcloud,2016-09-13 20:19:35
bitcny,2014-09-24 06:24:22
bitcoal,2017-07-20 22:54:18
bitcoin-21,2016-05-06 19:59:32
bitcoin-cash,2017-07-23 19:29:28
bitcoin-planet,2017-06-25 04:04:59
bitcoin-plus,2014-05-05 03:38:33
bitcoin-scrypt,2014-03-18 06:28:54
bitcoin-unlimited,2017-03-29 22:04:44
bitcoin,2013-04-29 20:45:01
bitcoindark,2014-07-17 14:04:17
bitcoinfast,2014-12-08 02:24:27
bitcointx,2015-04-27 16:04:28
bitconnect,2017-01-21 01:39:34
bitcore,2017-04-28 01:24:52
bitcrystals,2015-09-15 19:29:27
bitcurrency,2016-11-18 14:34:31
bitdeal,2017-07-11 16:21:31
bitdice,2017-09-25 23:04:31
biteur,2015-06-11 10:49:27
bitfid,2017-08-28 01:55:09
bitgem,2013-07-05 07:11:49
bitgold,2015-01-05 21:29:25
bitland,2016-07-09 20:34:29
bitmark,2014-08-20 13:59:23
bitok,2017-06-25 02:24:59
bitpark-coin,2016-12-30 07:29:42
bitquark,2014-07-30 16:04:15
bitquence,2017-07-18 20:49:17
bitqy,2017-08-27 22:35:25
bitradio,2017-06-25 05:29:56
bitsend,2014-06-09 16:22:12
bitshares,2014-07-22 05:44:21
bitsilver,2015-02-26 14:14:27
bitstar,2014-04-24 14:26:18
bitswift,2014-10-06 19:44:24
bittokens,2016-08-27 18:29:33
bitusd,2014-09-24 06:24:22
bitvolt,2017-04-30 21:54:51
bitz,2015-03-10 01:09:25
bitzeny,2015-07-10 17:34:36
blackcoin,2014-03-01 06:44:04
blackmoon-crypto,2017-09-21 01:24:53
blackstar,2016-12-21 07:09:46
blakecoin,2014-02-13 07:49:15
blakestar,2017-07-31 07:50:01
blazecoin,2014-06-29 20:23:03
blazercoin,2017-04-17 23:14:50
blitzcash,2014-11-17 23:34:26
blockcat,2017-08-13 05:34:23
blockchain-index,2017-09-02 20:00:03
blocknet,2014-11-02 23:19:26
blockpay,2016-09-07 01:39:33
blocktix,2017-08-09 05:54:23
bluecoin,2014-04-29 05:47:44
bnrtxcoin,2017-07-02 05:09:14
bolenum,2017-08-17 08:54:51
bolivarcoin,2015-09-09 23:29:25
bongger,2014-09-08 23:09:23
boostcoin,2014-05-31 06:09:17
bottlecaps,2013-07-07 18:46:32
bowhead,2017-09-16 15:05:16
bowscoin,2015-07-14 22:44:50
braincoin,2016-04-22 18:34:31
brat,2017-08-28 01:20:10
breakout-stake,2016-07-12 21:14:29
breakout,2016-07-12 21:29:29
briacoin,2017-06-29 04:24:16
britcoin,2014-07-04 23:31:45
btcdragon,2017-02-12 04:09:38
btcgold,2017-04-30 21:44:51
btctalkcoin,2014-05-03 19:52:17
btsr,2016-03-24 00:54:29
bubble,2015-05-08 05:04:26
bumbacoin,2016-03-31 06:54:28
bunnycoin,2014-09-12 13:14:21
burst,2014-09-01 00:24:21
burstocean,2017-03-15 23:34:40
buzzcoin,2017-09-13 05:00:14
byteball,2016-12-28 03:54:34
bytecent,2014-11-24 21:09:25
bytecoin-bcn,2014-06-19 14:22:25
bytom,2017-08-09 00:39:25
c-bit,2016-03-17 01:59:29
cabbage,2016-04-07 20:14:31
cachecoin,2014-02-16 10:51:13
cagecoin,2014-04-16 06:55:24
californium,2015-04-22 14:14:28
caliphcoin,2016-10-07 04:34:32
campuscoin,2017-07-27 20:29:50
canada-ecoin,2014-05-12 19:08:10
cannabiscoin,2014-08-04 00:04:21
cannacoin,2014-04-26 13:51:51
cannation,2017-05-13 22:09:52
capricoin,2015-07-24 15:39:30
carboncoin,2014-08-10 13:09:18
cashcoin,2014-02-28 08:19:19
cashme,2015-11-25 05:39:34
casino,2017-03-16 06:44:43
casinocoin,2013-07-26 05:11:23
catcoin,2013-12-29 05:52:02
cbd-crystals,2016-11-08 03:04:32
ccminer,2017-02-11 00:34:38
centra,2017-08-09 00:54:25
centurion,2017-02-22 07:44:37
chaincoin,2015-07-17 22:09:45
chainlink,2017-09-20 23:09:57
chancoin,2017-06-29 02:54:14
cheapcoin,2017-06-19 20:05:00
chesscoin,2016-07-03 05:39:32
chips,2017-09-25 19:39:30
chncoin,2013-05-09 08:30:16
chronobank,2017-02-27 18:54:40
chronologic,2017-09-25 19:29:31
chronos,2016-07-19 22:54:30
circuits-of-value,2015-01-24 14:39:23
civic,2017-07-17 20:39:17
clams,2014-08-27 04:34:17
clinton,2016-05-05 02:04:31
cloakcoin,2014-06-08 02:05:44
clubcoin,2015-12-22 22:39:31
coeval,2017-07-19 22:44:16
coexistcoin,2016-04-19 22:59:30
cofound-it,2017-06-20 00:35:05
coimatic-2,2017-07-25 00:50:01
coin,2014-03-19 09:29:12
coin2-1,2014-06-09 16:33:03
coindash,2017-08-07 06:14:36
coinonat,2017-04-18 03:34:45
coinonatx,2017-08-14 05:24:24
colossuscoin-v2,2015-03-21 05:09:30
comet,2016-06-27 21:39:30
compcoin,2017-08-04 01:00:11
compucoin,2015-07-17 21:59:43
concoin,2017-04-18 04:04:48
condensate,2017-05-09 01:09:55
corgicoin,2014-02-23 09:29:16
coss,2017-09-25 21:39:34
counterparty,2014-02-16 21:33:47
coupecoin,2017-06-25 00:10:04
crave,2015-03-27 13:39:28
cream,2017-07-31 07:15:06
creatio,2016-12-02 02:30:16
creativecoin,2017-05-15 00:54:50
creditbit,2016-01-18 05:39:27
credo,2017-09-13 05:35:10
crevacoin,2015-07-08 17:49:26
crown,2014-11-09 23:54:25
crtcoin,2014-05-12 19:08:12
cryptcoin,2014-05-27 18:36:33
crypto,2015-05-20 02:34:28
cryptocarbon,2017-01-20 05:54:36
cryptoescudo,2014-04-04 07:00:09
cryptoforecast,2017-06-10 19:34:57
cryptogenic-bullion,2013-08-06 07:56:19
cryptojacks,2016-07-13 00:29:29
cryptonite,2014-08-03 23:19:19
cryptoping,2017-07-04 00:19:31
cryptoworldx-token,2017-02-16 06:14:40
cthulhu-offerings,2015-07-26 23:39:28
cubits,2016-10-25 07:34:31
curecoin,2014-05-27 20:11:48
cvcoin,2017-07-15 23:09:18
cybercoin,2015-04-04 14:34:28
cycling-coin,2015-07-14 17:59:29
cyder,2017-09-13 06:00:05
cypher,2015-04-12 15:24:27
dalecoin,2017-08-24 21:30:11
dao-casino,2017-07-02 03:39:14
dappster,2016-07-14 23:14:30
darcrus,2017-01-12 11:29:36
darklisk,2016-05-05 02:04:31
darsek,2017-04-06 08:14:45
das,2017-07-21 05:04:17
dash,2014-02-15 15:04:46
dashcoin,2014-10-08 06:54:23
dashs,2017-04-26 01:14:49
databits,2017-03-31 05:24:44
daxxcoin,2017-07-11 07:04:47
debitcoin,2016-06-17 18:34:29
decent,2017-07-02 22:04:12
decentraland,2017-09-17 02:55:28
decred,2016-02-11 20:59:35
deeponion,2017-08-13 01:54:25
deltacredits,2015-08-31 05:29:28
denarius-dnr,2017-07-02 03:29:14
dent,2017-08-13 02:39:24
dentacoin,2017-08-11 03:19:23
destiny,2016-02-27 21:54:28
deuscoin,2017-04-21 03:19:48
deutsche-emark,2013-12-16 03:32:05
devcoin,2013-04-29 21:45:14
dfscoin,2017-09-23 02:54:27
diamond,2013-12-20 17:47:43
dibcoin,2017-04-06 08:14:43
digibyte,2014-02-07 16:18:28
digicube,2015-10-25 18:09:28
digital-bullion-gold,2016-06-17 18:29:31
digital-credits,2015-11-17 22:54:36
digital-developers-fund,2017-08-13 02:24:25
digital-money-bits,2017-05-25 03:54:45
digital-rupees,2017-02-01 04:49:36
digitalcoin,2013-06-10 20:05:36
digitalfund,2016-09-05 00:19:33
digitalnote,2014-06-25 17:22:18
digitalprice,2014-10-05 22:54:23
digixdao,2016-04-19 18:19:29
dimecoin,2014-01-07 08:47:50
dinastycoin,2017-06-25 03:19:59
district0x,2017-08-04 01:15:10
dix-asset,2017-01-12 11:29:36
dnotes,2014-03-09 17:04:06
dogecoin,2013-12-17 02:32:08
dollar-online,2016-12-21 07:09:46
dollarcoin,2016-09-22 23:29:33
donationcoin,2014-06-16 16:59:33
dopecoin,2014-02-23 18:52:53
dotcoin,2015-02-16 16:14:25
doubloon,2017-02-10 04:49:40
dpay,2016-10-16 09:54:33
draftcoin,2015-11-26 03:24:35
dreamcoin,2014-05-14 06:03:18
droxne,2017-09-14 02:35:12
dt-token,2016-07-01 06:54:33
dubaicoin-dbix,2017-04-06 08:14:44
dubstep,2015-07-01 14:34:28
dynamic,2017-03-27 00:54:46
dynamiccoin,2016-10-25 07:34:31
e-coin,2017-04-12 00:59:49
e-dinar-coin,2016-08-27 17:44:33
e-gulden,2014-03-27 19:26:18
earthcoin,2013-12-29 17:52:41
ebittree-coin,2017-04-18 04:09:46
eboostcoin,2017-06-06 05:44:53
eccoin,2014-03-21 06:09:04
ecobit,2017-07-05 06:59:20
ecocoin,2017-05-25 01:04:50
edgeless,2017-03-31 05:24:44
edrcoin,2016-04-09 19:24:31
eggcoin,2015-05-01 07:19:26
ego,2016-10-01 20:04:32
einsteinium,2014-04-10 06:14:23
elacoin,2013-06-10 20:05:38
elastic,2017-06-24 18:44:58
elcoin-el,2016-05-06 20:04:31
electra,2017-06-09 23:49:53
elementrem,2016-08-09 23:49:31
elixir,2017-09-23 03:39:27
elysium,2017-02-12 04:09:38
embercoin,2017-07-27 20:39:51
embers,2017-07-16 01:29:16
emerald,2013-08-05 20:51:22
emercoin,2014-08-24 23:24:22
emoneypower,2017-06-25 02:59:57
encryptotel,2017-06-10 20:10:04
energycoin,2014-05-16 14:43:08
enigma,2016-04-14 19:04:31
environ,2017-05-07 20:49:50
eos,2017-07-01 22:14:15
eot-token,2017-08-28 01:50:15
equitrader,2017-05-25 01:34:49
ergo,2017-06-29 04:19:14
eryllium,2017-02-10 04:49:39
espers,2016-04-29 23:59:30
eternity,2016-12-07 09:19:31
ethbits,2017-06-01 20:29:54
ether-for-the-rest-of-the-world,2017-07-05 05:04:20
ethereum-classic,2016-07-25 15:44:30
ethereum-dark,2017-09-19 07:29:50
ethereum-movie-venture,2017-04-17 23:49:46
ethereum,2015-08-08 16:49:32
etheriya,2017-08-14 05:34:23
etheroll,2017-05-17 18:19:52
etherx,2017-08-05 21:54:34
eurocoin,2015-08-25 04:49:28
europecoin,2015-06-19 17:59:27
evergreencoin,2016-01-11 20:49:29
evil-coin,2016-02-01 09:44:27
evotion,2015-12-11 03:44:30
excelcoin,2017-08-15 07:09:21
exclusivecoin,2014-10-01 17:39:23
expanse,2015-09-16 22:04:26
facecoin,2017-09-10 21:05:50
factom,2015-10-07 03:34:30
faircoin,2014-03-23 15:58:47
falcoin,2017-07-11 03:19:47
fantomcoin,2014-06-09 16:22:12
fargocoin,2017-01-05 05:34:34
fastcoin,2013-07-05 07:11:44
fazzcoin,2017-04-19 03:40:18
feathercoin,2013-05-04 05:25:14
fedoracoin,2014-01-01 17:47:14
fedorashare,2016-09-16 19:44:34
fibocoins,2017-08-04 22:35:11
fimkrypto,2014-07-13 07:34:16
fincoin,2017-07-11 16:16:02
firecoin,2014-07-22 06:49:19
fireflycoin,2014-10-28 00:24:36
first-bitcoin-capital,2017-08-09 03:39:25
first-bitcoin,2016-07-27 05:39:30
firstblood,2016-09-29 16:59:33
firstcoin,2017-02-06 06:49:39
flash,2017-06-26 09:50:04
flavorcoin,2016-01-26 16:04:30
flaxscript,2015-07-26 23:39:27
florincoin,2013-11-28 08:02:14
fluttercoin,2014-03-21 06:09:16
flycoin,2015-09-15 19:29:27
foldingcoin,2014-09-17 07:34:22
fonziecoin,2015-09-16 22:04:26
footy-cash,2017-09-25 23:14:14
francs,2016-02-01 09:44:28
franko,2013-06-10 20:05:37
frankywillcoin,2016-08-04 00:29:31
frazcoin,2017-08-23 05:55:02
freicoin,2013-05-04 05:30:15
fucktoken,2017-07-16 02:19:16
fuda-energy,2017-08-04 22:40:05
fuelcoin,2014-06-13 14:25:17
fujicoin,2015-06-15 18:54:29
fujinto,2017-09-02 17:35:06
funcoin,2017-05-12 01:59:51
fundyourselfnow,2017-08-04 21:55:06
funfair,2017-06-27 11:16:59
futcoin,2015-07-22 18:39:29
future-digital-currency,2017-01-05 05:29:34
futurexe,2017-07-11 07:14:50
fuzzballs,2016-05-02 02:04:29
gaia,2014-10-12 20:29:25
gambit,2015-05-23 06:24:26
gamebet-coin,2016-04-14 19:04:31
gamecredits,2014-09-02 18:54:23
gameleaguecoin,2014-07-04 23:31:43
gameunits,2017-01-13 11:29:37
ganjacoin,2017-09-19 00:39:15
gapcoin,2014-11-02 23:19:26
gas,2017-07-06 21:39:15
gaycoin,2016-09-24 05:14:31
gbcgoldcoin,2015-12-06 20:44:30
gcoin,2014-11-18 00:54:26
geertcoin,2017-03-14 23:49:43
genstake,2015-06-11 13:59:28
geocoin,2015-02-23 03:14:25
geysercoin,2017-07-28 00:04:57
giga-watt-token,2017-09-02 20:20:06
global-business-revolution,2016-11-10 07:19:36
global-currency-reserve,2015-08-27 20:19:28
global-tour-coin,2017-07-11 07:55:19
globalboost-y,2014-10-04 15:14:24
globalcoin,2013-08-05 20:51:23
globaltoken,2017-06-20 01:34:59
gnosis-gno,2017-05-02 00:09:54
gokucoin,2017-09-27 20:19:33
gold-pressed-latinum,2017-05-09 04:14:53
goldblocks,2016-06-15 19:19:30
goldcoin,2013-06-15 09:05:28
goldmaxcoin,2016-04-07 21:39:31
goldpieces,2015-01-17 14:29:24
goldreserve,2014-06-29 20:17:18
goldunioncoin,2017-04-27 18:55:11
golem-network-tokens,2016-11-18 14:34:30
golfcoin,2016-09-10 05:09:33
golos-gold,2017-02-14 06:19:38
golos,2016-12-13 07:10:00
goodomy,2017-06-25 04:40:02
gpu-coin,2016-06-01 23:09:29
granitecoin,2014-06-13 14:25:17
grantcoin,2015-07-28 17:54:29
greencoin,2014-06-24 14:47:22
gridcoin,2015-03-01 19:24:26
groestlcoin,2014-04-12 22:47:14
growers-international,2017-08-19 21:05:05
guccionecoin,2015-08-22 04:09:28
gulden,2014-04-09 06:36:07
gulfcoin,2017-06-29 03:04:15
guncoin,2014-05-12 19:08:14
guppy,2017-04-11 23:44:43
gxshares,2017-06-25 04:29:58
gycoin,2016-08-04 00:59:53
hacker-gold,2016-12-11 04:39:36
halcyon,2014-08-20 13:59:23
halloween-coin,2017-05-17 19:19:54
happy-creator-coin,2016-07-09 20:34:28
happycoin,2017-04-18 08:24:47
harmonycoin-hmc,2017-07-24 21:30:02
hbcoin,2017-08-04 22:45:08
healthywormcoin,2017-03-31 05:24:44
heat-ledger,2016-07-13 19:44:29
helleniccoin,2015-07-23 17:59:31
hempcoin-hmp,2016-02-17 20:24:30
hempcoin,2014-06-29 20:17:19
hexx,2015-06-27 14:34:29
hicoin,2016-05-05 02:04:31
high-voltage,2016-06-10 00:14:30
hitcoin,2016-04-09 19:24:31
hive,2017-09-10 05:30:26
hobonickels,2013-12-21 14:47:17
hodlcoin,2016-03-20 00:09:28
honey,2017-03-21 05:09:45
hshare,2017-08-20 17:54:59
htmlcoin,2014-09-20 06:24:23
humaniq,2017-05-12 01:19:50
huncoin,2017-06-25 02:45:02
huntercoin,2014-02-15 16:04:57
hush,2016-12-02 02:30:16
hyper,2014-06-01 15:55:13
hyperstake,2014-08-10 19:59:21
i0coin,2013-11-28 06:41:35
ibank,2017-01-24 06:44:48
ico-openledger,2016-06-04 16:09:30
icobid,2017-01-21 01:39:34
icoin,2014-02-18 14:32:17
iconic,2017-02-09 05:29:36
iconomi,2016-10-01 20:04:32
idice,2017-06-23 23:35:05
impact,2017-04-02 01:39:42
impulsecoin,2016-10-30 00:44:31
incakoin,2015-01-29 05:44:25
incent,2016-12-07 09:19:31
independent-money-system,2016-03-20 00:09:28
indorse-token,2017-09-19 05:04:58
infchain,2017-08-13 01:04:25
infinitecoin,2013-07-11 20:12:26
inflationcoin,2017-01-12 11:29:36
influxcoin,2015-09-23 16:19:29
inpay,2017-04-18 00:14:45
insanecoin-insn,2017-05-17 19:09:52
international-diamond,2016-07-22 19:09:31
internet-of-people,2016-11-29 18:24:32
internet-of-things,2017-04-18 03:39:46
investfeed,2017-08-14 02:29:23
invisiblecoin,2015-10-13 18:29:29
iocoin,2014-08-03 20:34:19
ion,2016-06-10 00:14:30
iota,2017-06-13 18:30:04
iquant,2017-09-19 06:54:50
irishcoin,2015-07-08 17:49:26
islacoin,2015-09-29 17:44:29
iticoin,2017-05-12 20:44:53
ixcoin,2013-05-09 07:45:18
ixledger,2017-07-27 20:59:52
janus,2017-01-26 07:09:36
jetcoin,2017-07-07 18:54:16
jewels,2016-09-10 05:09:34
jin-coin,2016-09-20 19:44:34
jinn,2014-10-04 15:14:24
jio-token,2016-12-30 07:29:42
jobscoin,2016-10-10 06:29:32
joincoin,2014-08-27 04:34:21
joulecoin,2013-12-13 20:41:45
karbowanec,2016-08-13 04:24:20
karmacoin,2014-02-09 16:53:08
kashhcoin,2017-02-22 07:44:37
kayi,2017-07-01 22:24:15
kekcoin,2017-07-31 08:59:57
kexcoin,2017-09-22 02:44:47
kibicoin,2017-06-01 21:44:53
kilocoin,2016-02-27 22:49:27
kin,2017-09-27 21:34:33
kingn-coin,2017-06-25 02:54:59
kittehcoin,2014-01-25 14:38:48
kobocoin,2015-02-16 16:14:25
komodo,2017-02-06 06:49:40
korecoin,2014-06-22 15:22:24
kronecoin,2017-09-06 06:04:58
krypstal,2017-08-19 21:40:04
kurrent,2016-12-07 09:14:31
kushcoin,2017-02-09 05:29:36
kyber-network,2017-09-24 16:24:31
lampix,2017-09-25 20:14:30
lanacoin,2016-05-20 00:34:29
landcoin,2017-01-20 05:54:35
lathaan,2016-10-12 04:24:32
lazaruscoin,2016-09-25 23:54:33
leacoin,2015-04-20 17:39:28
legends-room,2017-06-16 23:25:02
leocoin,2015-08-05 20:09:28
lepaoquan,2016-12-21 07:09:46
lepen,2017-02-09 05:29:37
letitride,2016-07-14 23:14:29
leviarcoin,2017-06-25 03:44:58
levoplus,2017-03-09 09:59:42
lex4all,2017-03-16 06:44:41
library-credit,2016-07-08 07:24:28
linda,2017-07-16 00:24:17
link-platform,2017-07-18 23:39:17
linkedcoin,2016-07-19 22:54:30
linx,2017-06-16 23:54:56
lisk,2016-04-07 22:24:30
litebar,2014-03-14 01:23:40
litebitcoin,2017-07-20 23:04:17
litecoin-plus,2014-05-22 05:31:49
litecoin-ultra,2017-08-30 05:10:18
litecoin,2013-04-29 20:50:02
litecred,2016-01-22 17:44:34
litedoge,2015-03-20 06:39:27
lomocoin,2016-09-10 05:09:34
loopring,2017-08-30 04:30:16
lottocoin,2013-12-29 11:42:35
ltbcoin,2014-08-21 14:14:20
luckchain,2016-11-29 18:24:32
luna-coin,2017-01-18 04:09:36
lunyr,2017-05-01 17:29:58
lykke,2016-11-15 04:39:38
machinecoin,2015-02-08 18:24:29
macron,2017-04-26 00:29:49
magi,2014-09-25 05:14:24
magnetcoin,2017-09-10 18:20:43
magnum,2017-02-08 03:39:38
maidsafecoin,2014-04-29 05:47:45
malcoin,2017-04-28 00:59:52
mantracoin,2017-07-12 03:05:13
mao-zedong,2017-08-09 02:39:25
marijuanacoin,2017-02-22 07:44:37
marscoin,2014-02-25 14:46:10
martexcoin,2016-06-01 23:09:29
marxcoin,2017-03-07 07:34:40
master-swiscoin,2017-02-22 07:44:38
masternodecoin,2017-09-06 07:45:00
mavro,2017-03-31 05:24:44
maxcoin,2014-02-13 14:33:55
mazacoin,2014-02-28 08:03:44
mcap,2017-05-30 17:59:53
megacoin,2013-07-08 16:07:12
melon,2017-02-22 07:44:37
memetic,2016-03-15 08:34:27
mercury,2017-03-31 05:24:44
mergecoin,2017-04-27 21:54:55
metal-music-coin,2015-07-03 11:44:29
metal,2017-07-09 20:59:20
metalcoin,2015-01-29 05:44:25
metaverse,2017-06-05 23:09:52
microcoin,2014-03-04 07:35:16
mikethemug,2017-02-12 04:09:38
milocoin,2017-03-18 18:34:44
mind-gene,2016-10-01 20:09:32
mindcoin,2016-01-05 23:24:29
minereum,2017-05-13 21:59:55
miners-reward-token,2017-06-25 02:00:04
mineum,2016-06-10 00:44:29
mintcoin,2014-02-20 15:10:27
miyucoin,2017-07-16 02:19:15
mmxvi,2016-02-19 00:24:28
mobilecash,2016-10-07 04:34:32
mobilego,2017-06-11 20:34:52
moeda-loyalty-points,2017-09-12 00:55:19
moin,2016-01-05 23:24:28
mojocoin,2016-04-07 21:39:31
monaco,2017-07-03 19:54:19
monacocoin,2017-08-27 23:05:27
monacoin,2014-03-21 06:14:31
monero,2014-05-22 08:27:11
moneta2,2015-10-25 18:09:28
monetaryunit,2014-11-02 22:59:25
monetha,2017-09-06 07:55:05
money,2015-11-13 19:29:33
moneycoin,2016-12-20 04:49:34
monster-byte,2017-08-13 23:59:24
mooncoin,2014-01-07 07:47:33
morningstar-payments,2017-09-19 07:24:49
mothership,2017-07-28 06:49:54
motocoin,2014-06-04 15:05:55
mtmgaming,2017-03-16 06:44:42
musicoin,2017-03-18 18:34:43
mustangcoin,2016-09-22 23:29:33
mybit-token,2017-08-19 22:35:14
myriad,2014-03-09 22:33:38
mysterium,2017-06-14 17:59:58
namecoin,2013-04-29 20:50:03
namocoin,2017-08-27 22:55:27
nautiluscoin,2014-05-16 14:43:06
nav-coin,2014-06-13 14:25:16
neblio,2017-09-12 16:05:28
nem,2015-04-02 05:49:27
neo,2016-09-10 05:09:33
neoscoin,2014-08-27 04:34:21
neptune-classic,2017-02-22 07:44:37
netbit,2016-11-15 04:34:36
netcoin,2013-12-18 06:31:58
netko,2017-03-21 05:09:46
neuro,2017-06-13 04:34:57
neurodao,2017-09-13 04:45:05
neutron,2015-04-22 14:14:28
nevacoin,2016-03-23 20:59:28
neverdie,2017-08-09 03:29:24
newbium,2016-06-03 16:49:29
newyorkcoin,2014-05-07 14:16:55
nexium,2016-12-13 07:10:00
nexus-social,2017-09-19 06:44:50
nexus,2015-01-26 19:54:23
nexxus,2017-08-09 06:44:25
nimiq,2017-07-15 23:14:16
noblecoin,2014-02-09 16:53:09
nodecoin,2016-12-13 07:10:00
nolimitcoin,2016-09-13 20:19:35
novacoin,2013-04-29 20:50:04
nubits,2014-09-25 03:44:23
numeraire,2017-06-23 08:49:56
nushares,2014-10-27 00:14:27
nvo,2017-07-11 02:14:47
nxt,2013-12-05 06:46:34
nyancoin,2014-02-11 01:58:39
o2olondoncoin,2015-09-16 20:09:26
obits,2015-12-01 10:54:30
oceanlab,2017-09-13 03:40:19
ocow,2016-05-05 02:04:31
octocoin,2014-03-21 09:04:25
ohm-wallet,2017-06-06 06:04:53
okcash,2014-12-15 04:29:27
omicron,2016-09-25 23:54:33
omisego,2017-07-14 07:34:16
omni,2013-12-26 00:38:46
onix,2017-06-25 03:54:56
opal,2014-09-14 19:14:22
openanx,2017-07-31 21:40:03
operand,2016-04-12 09:04:28
opescoin,2016-01-16 21:44:27
opus,2017-08-29 18:05:21
oraclechain,2017-07-25 05:15:02
orbitcoin,2013-12-22 19:12:49
orlycoin,2016-04-22 18:34:30
osmiumcoin,2015-10-20 20:04:28
ox-fina,2017-08-25 01:20:02
p7coin,2015-04-18 08:59:30
pabyosi-coin-special,2016-12-21 07:09:46
paccoin,2015-11-03 22:59:27
pakcoin,2015-09-16 22:04:26
pandacoin-pnd,2014-02-28 09:08:42
parallelcoin,2015-10-25 17:29:29
parkbyte,2015-05-20 02:34:28
particl,2017-07-21 02:44:16
pascal-coin,2016-12-07 09:19:32
pascal-lite,2017-03-18 18:34:43
patientory,2017-06-06 10:04:51
paycoin2,2014-12-17 06:39:25
paycon,2015-02-16 18:39:25
paypeer,2016-04-01 17:29:29
peacecoin,2016-11-01 22:29:31
peepcoin,2017-07-11 08:30:39
peercoin,2013-04-30 07:20:03
peerplays-ppy,2017-06-13 17:40:16
peoplecoin,2017-07-27 20:54:52
pepe-cash,2016-09-30 21:39:33
pesetacoin,2014-02-26 03:59:46
pesobit,2016-09-30 21:39:33
petrodollar,2014-04-16 10:37:57
philosopher-stones,2013-12-19 03:06:59
phoenixcoin,2013-07-05 07:11:51
photon,2014-05-26 17:10:34
picoin,2017-05-09 04:19:54
piecoin,2017-03-04 05:04:39
piggycoin,2014-06-16 16:59:33
pillar,2017-07-24 22:25:05
pinkcoin,2014-05-12 19:08:14
pinkdog,2017-02-22 07:44:37
pirate-blocks,2017-06-26 09:55:00
pivx,2016-02-14 22:14:28
pizzacoin,2016-08-23 21:59:32
platinumbar,2016-05-18 18:49:29
plncoin,2014-04-16 08:41:25
pluton,2016-09-19 00:59:34
poet,2017-09-01 02:45:10
pokecoin,2016-08-06 16:29:30
polybius,2017-07-06 21:24:16
ponzicoin,2016-05-20 00:34:29
popularcoin,2014-04-24 17:16:31
populous,2017-07-11 20:11:08
posex,2016-04-06 01:09:28
postcoin,2016-04-09 19:24:31
posw-coin,2017-01-03 23:44:37
potcoin,2014-02-12 21:33:08
powercoin,2016-06-05 15:14:29
prcoin,2017-02-27 01:24:38
president-johnson,2016-08-21 10:04:31
president-trump,2016-08-16 19:49:33
primalbase,2017-07-27 19:04:52
primas,2017-08-28 15:05:07
prime-xi,2014-10-05 22:54:23
primecoin,2013-07-12 05:21:19
primulon,2017-07-21 18:09:17
printerium,2017-02-01 04:49:36
prismchain,2016-06-01 23:09:29
prizm,2017-05-19 17:54:55
procurrency,2017-04-27 22:14:56
project-decorum,2016-06-03 16:49:30
project-x,2017-05-31 02:24:52
propy,2017-09-19 07:39:52
protean,2017-08-24 21:40:02
prototanium,2015-10-13 18:29:29
psilocybin,2016-03-23 20:59:28
pulse,2016-03-15 08:34:27
pura,2015-03-28 13:19:28
purevidz,2017-01-20 05:54:35
putin-classic,2017-06-13 04:44:57
putincoin,2016-07-08 07:24:28
px,2016-08-23 22:04:32
qibuck-asset,2017-05-21 00:04:53
qora,2014-05-27 18:36:34
qtum,2017-05-24 19:19:51
quantum-resistant-ledger,2017-06-10 09:49:55
quantum,2017-06-08 18:19:57
quark,2013-08-26 19:51:30
quartz-qrz,2017-05-30 00:04:50
quatloo,2014-07-13 07:09:17
quazarcoin,2014-05-27 18:36:33
qubitcoin,2014-02-15 14:49:37
quebecoin,2014-04-24 14:26:19
quotient,2014-11-24 21:09:25
qwark,2016-04-19 18:19:29
rabbitcoin,2014-09-01 00:24:21
radium,2016-01-19 11:39:27
raiblocks,2017-03-07 07:34:41
rare-pepe-party,2016-10-20 05:39:34
ratecoin,2015-06-27 14:34:30
rawcoin2,2016-12-02 02:30:17
rcoin,2016-10-10 06:29:32
real-estate-tokens,2017-09-13 04:50:17
redcoin,2014-01-25 14:38:49
reddcoin,2014-02-11 02:43:22
reecoin,2016-07-12 21:14:29
regacoin,2016-11-18 14:34:31
remicoin,2017-07-02 03:49:14
renos,2017-03-02 07:54:39
revenu,2016-03-23 20:59:28
revolvercoin,2016-06-10 00:14:30
rhfcoin,2017-04-18 03:49:46
rialto,2017-07-15 23:54:16
richcoin,2016-06-01 23:09:30
ride-my-car,2017-02-22 07:44:37
riecoin,2014-02-28 06:38:55
rimbit,2014-10-28 00:24:37
ripple,2013-08-05 20:51:05
ripto-bux,2017-04-06 08:14:44
rise,2016-07-01 06:54:33
rivetz,2017-09-25 23:29:32
rlc,2017-04-21 01:49:46
ronpaulcoin,2014-01-07 07:47:32
roulettetoken,2017-05-22 18:05:20
round,2016-11-21 09:14:31
royalcoin-2,2016-10-30 00:44:31
royalcoin,2016-10-16 09:54:33
royalties,2017-07-24 23:20:02
rsgpcoin,2017-07-19 22:34:17
rubies,2016-02-23 20:14:44
rublebit,2015-11-25 05:39:33
rubycoin,2014-03-21 06:09:05
rupaya,2017-08-11 07:14:25
rupee,2017-07-11 07:34:49
russiacoin,2016-01-06 19:29:29
rustbits,2017-08-09 03:09:25
sacoin,2016-10-12 04:24:32
safe-exchange-coin,2016-02-17 20:24:30
safe-trade-coin,2017-01-15 05:49:35
safecoin,2016-05-22 01:09:32
sakuracoin,2016-10-14 09:24:33
salus,2016-01-23 18:39:27
santiment,2017-07-12 21:59:22
sativacoin,2014-10-21 06:59:25
satoshimadness,2015-09-02 19:04:28
save-and-gain,2015-10-14 16:04:29
scorecoin,2017-04-02 01:54:43
secretcoin,2015-11-17 22:54:35
securecoin,2013-09-29 18:09:37
selfiecoin,2015-03-24 02:59:28
sequence,2016-09-25 23:54:33
sexcoin,2013-12-10 04:02:06
shacoin,2014-06-26 16:57:35
shadow-token,2017-08-12 18:59:24
shadowcash,2014-08-01 14:59:21
sharkcoin,2015-03-10 01:09:25
shellcoin,2015-05-10 21:34:27
shift,2015-09-06 15:49:32
shilling,2016-09-20 19:54:35
shorty,2016-12-15 09:09:47
siacoin,2015-08-27 20:19:29
sibcoin,2015-09-27 00:24:30
sigmacoin,2017-08-27 23:05:27
signatum,2017-07-24 23:35:01
singulardtv,2016-10-04 00:49:33
sixeleven,2016-05-11 01:04:30
skeincoin,2014-03-17 00:04:12
skincoin,2017-07-21 18:49:18
skycoin,2017-04-17 21:59:54
slevin,2017-07-05 05:14:20
slimcoin,2015-03-11 00:29:24
sling,2015-04-22 14:14:28
smartcash,2017-07-21 04:54:16
smartcoin,2014-02-07 16:28:37
smileycoin,2015-01-29 05:49:24
smoke,2017-08-19 22:20:03
snakeeyes,2017-05-09 04:44:52
soarcoin,2017-03-31 05:24:43
socialcoin-socc,2017-07-02 06:39:18
soilcoin,2015-11-13 19:29:33
sojourn,2017-08-14 05:59:23
solarcoin,2014-03-30 20:25:23
solarflarecoin,2017-02-08 03:39:37
solaris,2017-04-02 01:49:44
songcoin,2015-03-24 02:59:28
sonm,2017-06-16 23:44:59
sooncoin,2015-01-29 05:39:27
soulcoin,2016-05-20 00:34:29
sovereign-hero,2017-07-11 09:30:16
spacecoin,2015-09-10 20:29:28
spectrecoin,2017-01-15 05:49:35
speedcash,2017-04-28 00:09:54
sphere,2015-05-03 17:49:26
sphre-air,2017-07-11 03:09:47
sportscoin,2016-09-15 17:59:34
spots,2013-07-27 01:31:33
spreadcoin,2014-10-28 00:24:36
sprouts,2015-07-22 18:39:28
sproutsextreme,2016-03-02 06:59:28
stakecoin-stcn,2017-08-09 06:44:26
starcredits,2017-09-06 05:20:07
starta,2017-07-18 22:04:18
startcoin,2014-06-16 16:59:39
status,2017-06-29 01:19:14
stealthcoin,2014-07-11 14:19:20
steem-dollars,2016-07-20 18:59:30
steem,2016-04-19 18:19:29
stellar,2014-08-06 07:44:19
steps,2015-09-20 22:04:27
sterlingcoin,2014-09-24 07:14:23
stex,2017-06-06 09:29:51
storj,2017-07-02 03:54:14
storjcoin-x,2014-08-21 14:14:20
stox,2017-08-05 07:35:05
stratis,2016-08-13 03:54:20
stress,2016-03-02 06:59:28
stronghands,2015-10-31 21:39:27
substratum,2017-09-25 05:44:25
sumokoin,2017-05-31 00:44:52
suncontract,2017-07-06 22:49:16
supercoin,2014-05-27 18:36:33
supernet-unity,2014-10-02 17:14:36
superturbostake,2016-02-14 22:14:30
suretly,2017-08-30 04:25:15
swagbucks,2016-01-05 23:24:28
swaptoken,2016-07-19 22:54:30
swarm-city,2017-03-04 05:04:39
swing,2015-09-29 17:44:29
sydpak,2015-08-25 04:49:29
sync,2014-05-22 05:31:48
syndicate,2016-07-12 21:14:29
synereo,2015-12-05 13:49:33
synergy,2015-06-09 06:44:28
syscoin,2014-08-21 13:04:22
t-coin,2016-12-21 07:09:46
taas,2017-03-31 05:24:43
tagcoin,2013-11-06 14:36:40
tagrcoin,2015-07-17 21:59:43
tajcoin,2016-08-20 19:29:31
tao,2016-09-19 00:54:34
tattoocoin-limited,2017-04-26 01:49:50
tattoocoin,2017-02-08 03:39:37
teamup,2016-10-20 05:39:34
techshares,2016-08-27 18:29:33
tekcoin,2014-05-21 16:52:31
tellurion,2016-09-20 19:54:35
tenx,2017-07-08 06:49:14
teracoin,2017-02-27 01:19:39
terracoin,2013-04-29 20:55:02
terranova,2017-07-15 22:59:16
teslacoilcoin,2016-05-25 19:34:30
teslacoin,2014-02-07 14:23:32
tether,2015-03-02 09:59:26
the-champcoin,2017-08-15 23:19:22
the-cypherfunks,2015-06-19 17:59:27
the-vegan-initiative,2017-04-18 02:09:45
thecreed,2016-04-27 22:49:30
thegcccoin,2017-02-09 05:29:36
theresa-may-coin,2017-05-31 00:29:51
tickets,2013-11-04 23:16:33
tierion,2017-08-27 23:20:28
tigercoin,2013-12-22 19:22:51
tilecoin,2014-10-26 23:14:27
titcoin,2014-08-27 04:34:20
tittiecoin,2014-11-09 23:54:26
toacoin,2017-07-24 22:10:03
todaycoin,2016-08-23 21:59:32
tokencard,2017-05-07 18:04:52
tokes,2017-03-27 00:54:47
topaz,2017-05-09 01:24:53
topcoin,2014-02-18 16:34:20
torcoin-tor,2017-04-17 23:09:46
trackr,2017-09-25 20:09:30
tradecoin-v2,2017-07-11 08:15:54
transfercoin,2015-08-22 04:09:28
triangles,2014-07-22 07:09:22
trickycoin,2015-04-02 07:24:28
triggers,2016-10-12 04:24:32
tristar-coin,2017-04-02 01:39:42
trollcoin,2014-10-01 17:39:22
tronix,2017-09-13 03:30:22
truckcoin,2014-07-17 14:14:34
trueflip,2017-08-23 05:09:59
trumpcoin,2016-03-02 06:59:28
trust,2017-04-21 01:59:46
trustplus,2014-07-11 14:19:21
turbocoin,2017-07-01 22:34:14
tychocoin,2017-06-25 04:25:01
tyrocoin,2017-04-28 00:14:49
ubiq,2014-09-08 23:59:21
ucoin,2014-11-17 23:34:26
ufo-coin,2014-02-28 08:03:47
ug-token,2017-08-30 03:55:14
ugain,2016-08-09 23:49:31
ulatech,2017-08-28 01:25:10
ultimate-secure-cash,2017-04-12 00:44:45
ultracoin,2014-02-11 02:49:02
unbreakablecoin,2014-05-25 04:21:27
uncoin,2015-03-24 02:59:28
uniburst,2017-03-02 07:54:40
unicoin,2015-06-15 22:09:29
unify,2017-06-24 00:15:04
unitus,2015-01-13 14:39:23
unity-ingot,2017-05-12 08:54:48
universal-currency,2015-05-08 05:04:26
universalroyalcoin,2017-07-05 07:54:20
universe,2017-04-02 01:39:42
unobtanium,2013-12-22 19:22:52
unrealcoin,2015-04-02 07:09:28
ur,2017-03-04 05:04:39
uro,2014-06-13 14:25:17
usde,2014-02-07 16:28:37
useless-ethereum-token,2017-07-05 03:14:20
utacoin,2017-03-31 05:24:44
valorbit,2016-04-09 19:24:31
vaperscoin,2016-08-13 04:19:20
vault-coin,2016-12-21 07:09:46
vcash,2015-03-07 05:34:26
vechain,2017-08-22 06:24:48
vector,2015-09-05 18:39:28
vegascoin,2014-05-07 14:51:13
veltor,2016-09-05 00:19:33
verge,2014-10-26 23:14:26
vericoin,2014-05-17 14:17:17
veritaseum,2017-06-08 19:04:57
veriumreserve,2016-09-19 00:54:34
veros,2016-11-29 18:24:32
version,2017-06-01 22:39:53
vertcoin,2014-01-21 06:38:19
viacoin,2014-07-19 14:24:20
vibe,2017-09-25 05:29:31
victoriouscoin,2016-10-07 04:34:32
vip-tokens,2016-03-13 01:24:27
virta-unique-coin,2017-07-11 01:19:36
virtacoin,2014-08-10 19:59:21
virtacoinplus,2017-03-14 23:49:43
virtualcoin,2014-08-10 19:54:19
visio,2017-03-07 07:34:40
vivo,2017-09-12 19:45:26
voxels,2016-04-06 01:09:28
voyacoin,2015-03-01 18:14:26
vpncoin,2014-11-24 21:14:25
vslice,2016-12-20 04:49:34
vsync-vsx,2017-09-10 18:15:37
vsync,2017-04-17 23:09:46
vtorrent,2014-12-26 05:19:25
wa-space,2016-11-10 07:19:37
wagerr,2017-07-05 03:54:20
wallet-builders-coin,2017-09-13 03:25:17
walton,2017-08-28 00:20:24
warp,2016-02-04 19:39:30
waves-community-token,2017-02-10 22:29:40
waves,2016-06-03 23:14:30
wavesgo,2017-04-25 19:44:57
wayguide,2016-08-31 22:39:33
wearesatoshi,2014-09-07 17:54:22
wexcoin,2016-09-25 23:54:33
whitecoin,2014-04-19 14:10:57
wi-coin,2017-09-23 03:29:28
wild-beast-block,2015-03-01 18:14:27
wings,2017-01-11 22:04:48
wink,2017-08-09 00:34:24
wmcoin,2016-05-22 01:09:32
women,2017-07-11 00:44:40
woodcoin,2015-03-24 03:04:27
worldcoin,2013-05-24 14:50:22
wowcoin,2016-11-15 04:34:36
wowecoin,2016-08-27 18:34:33
wyvern,2017-04-17 22:14:46
x-coin,2015-03-07 05:34:26
x2,2015-12-16 19:34:37
xaucoin,2015-03-17 11:44:27
xaurum,2015-04-22 14:19:28
xcurrency,2014-05-25 02:11:17
xde-ii,2017-03-31 05:24:44
xenixcoin,2016-12-02 02:30:16
xiaomicoin,2015-09-05 18:39:28
xonecoin,2016-09-05 00:19:33
xp,2016-09-05 00:19:33
xplay,2017-09-19 05:14:53
xtd-coin,2017-08-23 06:29:58
xtrabytes,2017-04-21 01:24:48
yacoin,2013-06-10 20:10:31
yashcoin,2017-01-05 05:29:34
ybcoin,2014-01-17 14:41:52
yescoin,2017-01-26 07:39:35
yocoin,2016-01-22 17:59:28
yogold,2017-03-31 01:39:43
yoyow,2017-08-19 21:00:04
zayedcoin,2016-09-19 00:54:34
zcash,2016-10-29 23:24:48
zccoin,2014-08-06 07:29:18
zclassic,2016-11-10 07:19:37
zcoin,2016-10-07 04:34:32
zeitcoin,2014-03-21 14:09:32
zencash,2017-06-01 20:14:53
zengold,2017-05-31 01:44:55
zennies,2017-04-18 04:04:47
zero,2017-03-21 05:09:44
zetacoin,2013-09-12 04:01:27
zetamicron,2016-11-18 14:34:30
zilbercoin,2017-02-09 05:29:37
zoin,2016-11-10 07:19:36
zonecoin,2016-08-16 19:49:34
zrcoin,2017-06-17 00:09:53
zsecoin,2017-03-31 05:24:44
zurcoin,2016-05-11 01:04:30
